employee_id,Conference_long_term,Focus_long_term,Meeting_long_term,Training_long_term,Conference_recent,Focus_recent,Meeting_recent,Training_recent,room_type_shift_pct
E0001,0.0,7.6923076923076925,89.23076923076924,3.076923076923077,0.0,0.0,100.0,0.0,10.769230769230765
E0002,40.0,0.0,60.0,0.0,0.0,0.0,100.0,0.0,40.0
E0003,0.0,0.0,100.0,0.0,0.0,0.0,100.0,0.0,0.0
E0004,7.142857142857142,3.571428571428571,82.14285714285714,7.142857142857142,0.0,0.0,100.0,0.0,17.85714285714286
E0005,0.0,0.0,100.0,0.0,0.0,0.0,100.0,0.0,0.0
E0006,87.8048780487805,4.878048780487805,4.878048780487805,2.4390243902439024,100.0,0.0,0.0,0.0,12.195121951219509
E0007,90.625,0.0,9.375,0.0,100.0,0.0,0.0,0.0,9.375
E0008,7.894736842105263,0.0,86.8421052631579,5.263157894736842,0.0,0.0,100.0,0.0,13.1578947368421
E0009,0.0,0.0,0.0,100.0,0.0,0.0,0.0,100.0,0.0
E0010,10.0,3.3333333333333335,83.33333333333334,3.3333333333333335,0.0,0.0,100.0,0.0,16.666666666666664
E0011,57.57575757575758,6.0606060606060606,18.181818181818183,18.181818181818183,66.66666666666666,0.0,16.666666666666664,16.666666666666664,9.090909090909088
E0012,5.063291139240507,6.329113924050633,84.81012658227847,3.79746835443038,11.11111111111111,11.11111111111111,77.77777777777779,0.0,10.829817158931073
E0013,5.405405405405405,8.108108108108109,83.78378378378379,2.7027027027027026,16.666666666666664,0.0,83.33333333333334,0.0,11.261261261261257
E0014,89.47368421052632,5.263157894736842,5.263157894736842,0.0,100.0,0.0,0.0,0.0,10.526315789473685
E0015,97.36842105263158,0.0,0.0,2.631578947368421,100.0,0.0,0.0,0.0,2.631578947368423
E0017,94.11764705882352,2.941176470588235,0.0,2.941176470588235,100.0,0.0,0.0,0.0,5.882352941176475
E0018,6.0606060606060606,87.87878787878788,0.0,6.0606060606060606,0.0,100.0,0.0,0.0,12.121212121212125
E0019,0.0,1.5873015873015872,92.06349206349206,6.349206349206349,0.0,0.0,100.0,0.0,7.936507936507937
E0020,9.75609756097561,4.878048780487805,80.48780487804879,4.878048780487805,25.0,0.0,75.0,0.0,15.243902439024396
E0021,12.82051282051282,2.564102564102564,76.92307692307693,7.6923076923076925,0.0,33.33333333333333,66.66666666666666,0.0,30.769230769230777
E0023,88.37209302325581,6.976744186046512,2.3255813953488373,2.3255813953488373,66.66666666666666,0.0,0.0,33.33333333333333,31.007751937984498
E0024,84.50704225352112,7.042253521126761,5.633802816901409,2.8169014084507045,100.0,0.0,0.0,0.0,15.492957746478876
E0025,2.4390243902439024,7.317073170731707,80.48780487804879,9.75609756097561,0.0,0.0,100.0,0.0,19.512195121951216
E0026,2.272727272727273,84.0909090909091,9.090909090909092,4.545454545454546,25.0,75.0,0.0,0.0,22.72727272727273
E0027,0.0,0.0,0.0,100.0,0.0,0.0,0.0,100.0,0.0
E0029,5.405405405405405,0.0,94.5945945945946,0.0,0.0,0.0,100.0,0.0,5.405405405405404
E0030,5.714285714285714,0.0,94.28571428571428,0.0,0.0,0.0,100.0,0.0,5.714285714285719
E0031,0.0,6.0606060606060606,90.9090909090909,3.0303030303030303,0.0,33.33333333333333,66.66666666666666,0.0,27.272727272727273
E0032,6.122448979591836,2.0408163265306123,87.75510204081633,4.081632653061225,0.0,0.0,100.0,0.0,12.244897959183673
E0033,75.0,18.75,3.125,3.125,100.0,0.0,0.0,0.0,25.0
E0034,6.521739130434782,4.3478260869565215,86.95652173913044,2.1739130434782608,0.0,0.0,100.0,0.0,13.043478260869565
E0035,6.25,0.0,90.625,3.125,0.0,0.0,100.0,0.0,9.375
E0036,3.225806451612903,96.7741935483871,0.0,0.0,0.0,100.0,0.0,0.0,3.2258064516129
E0037,95.16129032258065,1.6129032258064515,1.6129032258064515,1.6129032258064515,100.0,0.0,0.0,0.0,4.8387096774193505
E0038,13.88888888888889,58.333333333333336,16.666666666666664,11.11111111111111,0.0,66.66666666666666,33.33333333333333,0.0,24.999999999999993
E0039,5.970149253731343,4.477611940298507,83.5820895522388,5.970149253731343,0.0,0.0,80.0,20.0,14.029850746268654
E0040,1.9607843137254901,1.9607843137254901,96.07843137254902,0.0,0.0,0.0,100.0,0.0,3.9215686274509807
E0041,94.44444444444444,0.0,0.0,5.555555555555555,66.66666666666666,0.0,0.0,33.33333333333333,27.77777777777778
E0042,0.0,0.0,100.0,0.0,0.0,0.0,100.0,0.0,0.0
E0044,80.85106382978722,8.51063829787234,4.25531914893617,6.382978723404255,71.42857142857143,28.57142857142857,0.0,0.0,20.060790273556226
E0045,85.18518518518519,7.4074074074074066,3.7037037037037033,3.7037037037037033,100.0,0.0,0.0,0.0,14.81481481481481
E0046,4.651162790697675,2.3255813953488373,87.20930232558139,5.813953488372093,0.0,0.0,100.0,0.0,12.790697674418606
E0047,84.93150684931507,6.8493150684931505,5.47945205479452,2.73972602739726,100.0,0.0,0.0,0.0,15.068493150684931
E0048,2.941176470588235,8.823529411764707,88.23529411764706,0.0,0.0,100.0,0.0,0.0,91.17647058823529
E0049,0.0,2.380952380952381,97.61904761904762,0.0,0.0,0.0,100.0,0.0,2.3809523809523805
E0050,11.76470588235294,5.88235294117647,76.47058823529412,5.88235294117647,25.0,0.0,50.0,25.0,32.35294117647059
E0051,6.451612903225806,9.67741935483871,74.19354838709677,9.67741935483871,0.0,40.0,60.0,0.0,30.32258064516129
E0052,4.411764705882353,5.88235294117647,83.82352941176471,5.88235294117647,0.0,0.0,100.0,0.0,16.17647058823529
E0053,0.0,79.41176470588235,14.705882352941178,5.88235294117647,0.0,50.0,0.0,50.0,44.11764705882352
E0054,93.93939393939394,3.0303030303030303,0.0,3.0303030303030303,100.0,0.0,0.0,0.0,6.060606060606062
E0055,97.05882352941177,2.941176470588235,0.0,0.0,100.0,0.0,0.0,0.0,2.9411764705882337
E0056,18.421052631578945,10.526315789473683,65.78947368421053,5.263157894736842,0.0,0.0,100.0,0.0,34.210526315789465
E0058,6.666666666666667,6.666666666666667,78.33333333333333,8.333333333333332,0.0,0.0,80.0,20.0,13.333333333333336
E0059,0.0,0.0,100.0,0.0,0.0,0.0,100.0,0.0,0.0
E0060,2.564102564102564,2.564102564102564,87.17948717948718,7.6923076923076925,0.0,20.0,80.0,0.0,17.435897435897438
E0061,2.7027027027027026,5.405405405405405,2.7027027027027026,89.1891891891892,0.0,0.0,0.0,100.0,10.810810810810809
E0062,92.5,0.0,5.0,2.5,100.0,0.0,0.0,0.0,7.5
E0063,83.33333333333334,5.555555555555555,5.555555555555555,5.555555555555555,100.0,0.0,0.0,0.0,16.666666666666664
E0064,93.18181818181817,2.272727272727273,2.272727272727273,2.272727272727273,100.0,0.0,0.0,0.0,6.818181818181824
E0065,5.88235294117647,85.29411764705883,2.941176470588235,5.88235294117647,33.33333333333333,66.66666666666666,0.0,0.0,27.450980392156865
E0066,13.157894736842104,10.526315789473683,73.68421052631578,2.631578947368421,50.0,0.0,50.0,0.0,36.8421052631579
E0067,0.0,0.0,93.02325581395348,6.976744186046512,0.0,0.0,100.0,0.0,6.976744186046514
E0069,0.0,0.0,6.0606060606060606,93.93939393939394,0.0,0.0,33.33333333333333,66.66666666666666,27.272727272727273
E0070,0.0,97.05882352941177,2.941176470588235,0.0,0.0,100.0,0.0,0.0,2.9411764705882337
E0071,2.941176470588235,2.941176470588235,82.35294117647058,11.76470588235294,0.0,0.0,0.0,100.0,88.23529411764704
E0072,2.7027027027027026,10.81081081081081,16.216216216216218,70.27027027027027,0.0,0.0,0.0,100.0,29.729729729729726
E0074,10.526315789473683,7.894736842105263,76.31578947368422,5.263157894736842,33.33333333333333,0.0,66.66666666666666,0.0,22.807017543859654
E0075,4.838709677419355,6.451612903225806,88.70967741935483,0.0,25.0,0.0,75.0,0.0,20.16129032258064
E0077,4.0,94.0,0.0,2.0,20.0,80.0,0.0,0.0,16.0
E0078,13.157894736842104,2.631578947368421,76.31578947368422,7.894736842105263,0.0,0.0,66.66666666666666,33.33333333333333,25.438596491228076
E0079,0.0,0.0,0.0,100.0,0.0,0.0,0.0,100.0,0.0
E0080,5.0,5.0,82.5,7.5,0.0,0.0,100.0,0.0,17.5
E0081,96.05263157894737,2.631578947368421,0.0,1.3157894736842104,87.5,12.5,0.0,0.0,9.868421052631579
E0082,2.857142857142857,8.571428571428571,74.28571428571429,14.285714285714285,0.0,0.0,83.33333333333334,16.666666666666664,11.42857142857143
E0083,68.42105263157895,13.157894736842104,13.157894736842104,5.263157894736842,50.0,0.0,50.0,0.0,36.84210526315789
E0084,0.0,6.896551724137931,3.4482758620689653,89.65517241379311,0.0,0.0,0.0,100.0,10.344827586206893
E0086,11.11111111111111,0.0,4.761904761904762,84.12698412698413,0.0,0.0,0.0,100.0,15.873015873015873
E0087,2.5,0.0,97.5,0.0,0.0,0.0,100.0,0.0,2.5
E0088,97.5609756097561,2.4390243902439024,0.0,0.0,100.0,0.0,0.0,0.0,2.439024390243902
E0090,2.5316455696202533,6.329113924050633,89.87341772151899,1.2658227848101267,0.0,16.666666666666664,83.33333333333334,0.0,10.33755274261603
E0091,64.86486486486487,10.81081081081081,10.81081081081081,13.513513513513514,66.66666666666666,0.0,0.0,33.33333333333333,21.62162162162161
E0092,17.5,12.5,65.0,5.0,20.0,0.0,80.0,0.0,17.5
E0093,89.58333333333334,6.25,2.083333333333333,2.083333333333333,75.0,25.0,0.0,0.0,18.750000000000007
E0094,0.0,81.25,9.375,9.375,0.0,100.0,0.0,0.0,18.75
E0095,4.651162790697675,2.3255813953488373,81.3953488372093,11.627906976744185,0.0,0.0,100.0,0.0,18.6046511627907
E0096,83.33333333333334,8.333333333333332,5.555555555555555,2.7777777777777777,100.0,0.0,0.0,0.0,16.66666666666666
E0097,0.0,0.0,92.5,7.5,0.0,0.0,100.0,0.0,7.5
E0098,4.545454545454546,13.636363636363635,75.0,6.8181818181818175,0.0,0.0,80.0,20.0,18.18181818181818
E0100,2.7027027027027026,94.5945945945946,2.7027027027027026,0.0,0.0,100.0,0.0,0.0,5.4054054054054035
E0101,6.25,0.0,3.125,90.625,50.0,0.0,0.0,50.0,43.75
E0102,5.128205128205128,92.3076923076923,0.0,2.564102564102564,33.33333333333333,66.66666666666666,0.0,0.0,28.205128205128208
E0104,9.090909090909092,2.272727272727273,86.36363636363636,2.272727272727273,0.0,0.0,100.0,0.0,13.63636363636364
E0105,0.0,0.0,95.34883720930233,4.651162790697675,0.0,0.0,100.0,0.0,4.651162790697672
E0108,11.940298507462686,4.477611940298507,79.1044776119403,4.477611940298507,0.0,0.0,85.71428571428571,14.285714285714285,16.41791044776119
E0109,9.523809523809524,16.666666666666664,71.42857142857143,2.380952380952381,0.0,0.0,100.0,0.0,28.57142857142857
E0110,97.36842105263158,0.0,0.0,2.631578947368421,100.0,0.0,0.0,0.0,2.631578947368423
E0111,83.72093023255815,4.651162790697675,8.13953488372093,3.488372093023256,100.0,0.0,0.0,0.0,16.279069767441857
E0113,92.10526315789474,5.263157894736842,2.631578947368421,0.0,100.0,0.0,0.0,0.0,7.894736842105262
E0114,97.5,2.5,0.0,0.0,100.0,0.0,0.0,0.0,2.5
E0115,97.36842105263158,2.631578947368421,0.0,0.0,100.0,0.0,0.0,0.0,2.631578947368423
E0116,2.7777777777777777,6.944444444444445,81.94444444444444,8.333333333333332,0.0,0.0,100.0,0.0,18.055555555555557
E0117,89.74358974358975,2.564102564102564,7.6923076923076925,0.0,66.66666666666666,33.33333333333333,0.0,0.0,30.769230769230777
E0118,8.333333333333332,2.7777777777777777,86.11111111111111,2.7777777777777777,0.0,0.0,100.0,0.0,13.888888888888888
E0119,18.181818181818183,3.0303030303030303,66.66666666666666,12.121212121212121,0.0,0.0,100.0,0.0,33.33333333333334
E0120,11.11111111111111,7.4074074074074066,0.0,81.48148148148148,0.0,0.0,0.0,100.0,18.51851851851852
E0121,93.02325581395348,0.0,4.651162790697675,2.3255813953488373,100.0,0.0,0.0,0.0,6.976744186046515
E0122,3.3333333333333335,0.0,93.33333333333333,3.3333333333333335,0.0,0.0,100.0,0.0,6.66666666666667
E0123,89.0625,1.5625,4.6875,4.6875,66.66666666666666,0.0,0.0,33.33333333333333,28.645833333333336
E0124,86.48648648648648,8.108108108108109,5.405405405405405,0.0,50.0,0.0,50.0,0.0,44.5945945945946
E0125,9.67741935483871,3.225806451612903,12.903225806451612,74.19354838709677,0.0,33.33333333333333,0.0,66.66666666666666,30.107526881720432
E0126,97.22222222222221,2.7777777777777777,0.0,0.0,100.0,0.0,0.0,0.0,2.7777777777777817
E0127,75.0,5.555555555555555,5.555555555555555,13.88888888888889,100.0,0.0,0.0,0.0,25.0
E0128,92.10526315789474,5.263157894736842,0.0,2.631578947368421,75.0,0.0,0.0,25.0,22.368421052631582
E0129,0.0,2.564102564102564,97.43589743589743,0.0,0.0,0.0,100.0,0.0,2.5641025641025665
E0130,6.0606060606060606,3.0303030303030303,84.84848484848484,6.0606060606060606,0.0,0.0,100.0,0.0,15.151515151515152
E0131,0.0,6.896551724137931,93.10344827586206,0.0,0.0,0.0,100.0,0.0,6.896551724137933
E0132,97.77777777777777,0.0,0.0,2.2222222222222223,87.5,0.0,0.0,12.5,10.277777777777775
E0134,0.0,0.0,100.0,0.0,0.0,0.0,100.0,0.0,0.0
E0135,3.3333333333333335,1.6666666666666667,93.33333333333333,1.6666666666666667,0.0,0.0,100.0,0.0,6.666666666666669
E0136,96.875,0.0,3.125,0.0,100.0,0.0,0.0,0.0,3.125
E0137,4.10958904109589,0.0,93.15068493150685,2.73972602739726,0.0,0.0,100.0,0.0,6.849315068493153
E0138,95.08196721311475,0.0,4.918032786885246,0.0,100.0,0.0,0.0,0.0,4.918032786885247
E0139,12.121212121212121,0.0,81.81818181818183,6.0606060606060606,0.0,0.0,100.0,0.0,18.181818181818176
E0140,100.0,0.0,0.0,0.0,100.0,0.0,0.0,0.0,0.0
E0141,2.7777777777777777,97.22222222222221,0.0,0.0,0.0,100.0,0.0,0.0,2.7777777777777817
E0142,0.0,2.7027027027027026,97.2972972972973,0.0,0.0,0.0,100.0,0.0,2.7027027027026986
E0144,3.4482758620689653,0.0,87.93103448275862,8.620689655172415,0.0,0.0,50.0,50.0,41.37931034482759
E0146,94.87179487179486,0.0,0.0,5.128205128205128,100.0,0.0,0.0,0.0,5.128205128205133
E0147,14.0625,14.0625,65.625,6.25,20.0,20.0,60.0,0.0,11.875
E0148,100.0,0.0,0.0,0.0,100.0,0.0,0.0,0.0,0.0
E0149,20.0,12.5,27.500000000000004,40.0,0.0,0.0,0.0,100.0,60.0
E0150,6.666666666666667,3.3333333333333335,80.0,10.0,0.0,0.0,100.0,0.0,20.0
E0151,7.317073170731707,9.75609756097561,71.95121951219512,10.975609756097562,0.0,16.666666666666664,83.33333333333334,0.0,18.292682926829272
E0152,13.513513513513514,2.7027027027027026,8.108108108108109,75.67567567567568,50.0,0.0,0.0,50.0,36.486486486486484
E0154,6.122448979591836,12.244897959183673,14.285714285714285,67.3469387755102,0.0,0.0,0.0,100.0,32.6530612244898
E0155,96.82539682539682,0.0,3.1746031746031744,0.0,100.0,0.0,0.0,0.0,3.1746031746031758
E0156,3.0303030303030303,6.0606060606060606,6.0606060606060606,84.84848484848484,0.0,0.0,0.0,100.0,15.151515151515152
E0157,2.7777777777777777,0.0,94.44444444444444,2.7777777777777777,0.0,0.0,100.0,0.0,5.555555555555557
E0158,80.64516129032258,9.67741935483871,3.225806451612903,6.451612903225806,100.0,0.0,0.0,0.0,19.354838709677423
E0159,11.29032258064516,79.03225806451613,8.064516129032258,1.6129032258064515,20.0,80.0,0.0,0.0,9.67741935483871
E0160,89.0625,6.25,3.125,1.5625,75.0,0.0,25.0,0.0,21.875
E0161,5.714285714285714,8.571428571428571,74.28571428571429,11.428571428571429,0.0,0.0,75.0,25.0,14.285714285714281
E0162,2.7027027027027026,5.405405405405405,91.8918918918919,0.0,0.0,0.0,100.0,0.0,8.108108108108103
E0163,25.0,25.0,50.0,0.0,100.0,0.0,0.0,0.0,75.0
E0164,11.363636363636363,0.0,86.36363636363636,2.272727272727273,20.0,0.0,80.0,0.0,8.636363636363635
E0165,1.4925373134328357,0.0,97.01492537313433,1.4925373134328357,0.0,0.0,100.0,0.0,2.9850746268656696
E0166,89.74358974358975,5.128205128205128,2.564102564102564,2.564102564102564,100.0,0.0,0.0,0.0,10.256410256410252
E0167,78.78787878787878,15.151515151515152,0.0,6.0606060606060606,100.0,0.0,0.0,0.0,21.212121212121218
E0168,7.142857142857142,10.714285714285714,82.14285714285714,0.0,0.0,0.0,100.0,0.0,17.857142857142858
E0169,86.11111111111111,2.7777777777777777,11.11111111111111,0.0,60.0,0.0,40.0,0.0,28.888888888888893
E0170,5.555555555555555,2.7777777777777777,84.72222222222221,6.944444444444445,0.0,0.0,62.5,37.5,30.55555555555555
E0171,3.125,3.125,87.5,6.25,0.0,0.0,100.0,0.0,12.5
E0172,6.666666666666667,8.88888888888889,73.33333333333333,11.11111111111111,0.0,0.0,100.0,0.0,26.66666666666667
E0174,2.7777777777777777,0.0,97.22222222222221,0.0,0.0,0.0,100.0,0.0,2.7777777777777817
E0175,0.0,2.631578947368421,92.10526315789474,5.263157894736842,0.0,25.0,75.0,0.0,22.36842105263158
E0176,0.0,10.0,90.0,0.0,0.0,0.0,100.0,0.0,10.0
E0177,10.95890410958904,5.47945205479452,4.10958904109589,79.45205479452055,0.0,0.0,0.0,100.0,20.54794520547945
E0180,95.58823529411765,0.0,2.941176470588235,1.4705882352941175,100.0,0.0,0.0,0.0,4.411764705882351
E0181,0.0,2.564102564102564,2.564102564102564,94.87179487179486,0.0,0.0,0.0,100.0,5.128205128205133
E0182,9.67741935483871,77.41935483870968,3.225806451612903,9.67741935483871,0.0,75.0,25.0,0.0,21.7741935483871
E0183,7.462686567164178,13.432835820895523,70.1492537313433,8.955223880597014,12.5,12.5,75.0,0.0,9.888059701492534
E0184,0.0,0.0,98.48484848484848,1.5151515151515151,0.0,0.0,100.0,0.0,1.5151515151515154
E0185,9.090909090909092,9.090909090909092,3.0303030303030303,78.78787878787878,0.0,33.33333333333333,0.0,66.66666666666666,24.242424242424242
E0186,80.0,10.0,0.0,10.0,100.0,0.0,0.0,0.0,20.0
E0187,92.06349206349206,3.1746031746031744,1.5873015873015872,3.1746031746031744,83.33333333333334,0.0,0.0,16.666666666666664,13.492063492063487
E0188,91.66666666666666,5.555555555555555,0.0,2.7777777777777777,50.0,0.0,0.0,50.0,47.222222222222214
E0189,91.8918918918919,2.7027027027027026,2.7027027027027026,2.7027027027027026,100.0,0.0,0.0,0.0,8.108108108108102
E0190,9.615384615384617,69.23076923076923,11.538461538461538,9.615384615384617,0.0,100.0,0.0,0.0,30.769230769230774
E0191,1.8518518518518516,81.48148148148148,12.962962962962962,3.7037037037037033,50.0,50.0,0.0,0.0,48.148148148148145
E0192,94.5945945945946,0.0,2.7027027027027026,2.7027027027027026,100.0,0.0,0.0,0.0,5.4054054054054035
E0193,5.263157894736842,7.894736842105263,81.57894736842105,5.263157894736842,0.0,0.0,100.0,0.0,18.421052631578945
E0194,22.058823529411764,13.23529411764706,13.23529411764706,51.470588235294116,0.0,0.0,0.0,100.0,48.529411764705884
E0195,9.090909090909092,18.181818181818183,72.72727272727273,0.0,50.0,0.0,50.0,0.0,40.909090909090914
E0196,6.666666666666667,2.2222222222222223,82.22222222222221,8.88888888888889,0.0,0.0,100.0,0.0,17.777777777777782
E0197,1.5873015873015872,1.5873015873015872,3.1746031746031744,93.65079365079364,0.0,0.0,0.0,100.0,6.3492063492063515
E0198,2.380952380952381,9.523809523809524,88.09523809523809,0.0,0.0,0.0,100.0,0.0,11.904761904761909
E0199,9.615384615384617,9.615384615384617,73.07692307692307,7.6923076923076925,22.22222222222222,11.11111111111111,55.55555555555556,11.11111111111111,17.521367521367512
E0200,0.0,8.333333333333332,91.66666666666666,0.0,0.0,0.0,100.0,0.0,8.333333333333337
E0201,2.7027027027027026,2.7027027027027026,5.405405405405405,89.1891891891892,0.0,50.0,0.0,50.0,47.2972972972973
E0202,91.80327868852459,1.639344262295082,3.278688524590164,3.278688524590164,100.0,0.0,0.0,0.0,8.196721311475413
E0203,100.0,0.0,0.0,0.0,100.0,0.0,0.0,0.0,0.0
E0205,5.970149253731343,1.4925373134328357,2.9850746268656714,89.55223880597015,16.666666666666664,0.0,16.666666666666664,66.66666666666666,24.37810945273632
E0206,1.7543859649122806,0.0,1.7543859649122806,96.49122807017544,0.0,0.0,0.0,100.0,3.5087719298245617
E0207,5.454545454545454,1.8181818181818181,87.27272727272727,5.454545454545454,0.0,16.666666666666664,66.66666666666666,16.666666666666664,26.06060606060606
E0208,4.477611940298507,7.462686567164178,83.5820895522388,4.477611940298507,0.0,0.0,100.0,0.0,16.417910447761198
E0209,2.857142857142857,2.857142857142857,94.28571428571428,0.0,0.0,0.0,100.0,0.0,5.714285714285719
E0210,2.380952380952381,85.71428571428571,4.761904761904762,7.142857142857142,0.0,60.0,0.0,40.0,32.857142857142854
E0211,96.875,0.0,0.0,3.125,100.0,0.0,0.0,0.0,3.125
E0212,4.444444444444445,82.22222222222221,11.11111111111111,2.2222222222222223,0.0,100.0,0.0,0.0,17.777777777777782
E0213,0.0,0.0,100.0,0.0,0.0,0.0,100.0,0.0,0.0
E0214,8.0,10.0,4.0,78.0,0.0,0.0,0.0,100.0,22.0
E0215,10.869565217391305,13.043478260869565,6.521739130434782,69.56521739130434,25.0,0.0,0.0,75.0,19.565217391304348
E0216,91.17647058823529,2.941176470588235,2.941176470588235,2.941176470588235,80.0,0.0,20.0,0.0,17.05882352941176
E0217,30.76923076923077,53.84615384615385,7.6923076923076925,7.6923076923076925,0.0,100.0,0.0,0.0,46.15384615384615
E0218,4.878048780487805,14.634146341463413,70.73170731707317,9.75609756097561,0.0,50.0,50.0,0.0,35.36585365853659
E0219,10.81081081081081,2.7027027027027026,81.08108108108108,5.405405405405405,25.0,0.0,75.0,0.0,14.18918918918919
E0220,91.17647058823529,2.941176470588235,2.941176470588235,2.941176470588235,87.5,12.5,0.0,0.0,9.558823529411763
E0221,87.8048780487805,2.4390243902439024,4.878048780487805,4.878048780487805,100.0,0.0,0.0,0.0,12.195121951219509
E0222,72.72727272727273,4.545454545454546,15.909090909090908,6.8181818181818175,100.0,0.0,0.0,0.0,27.27272727272727
E0223,12.5,0.0,87.5,0.0,0.0,0.0,100.0,0.0,12.5
E0224,77.77777777777779,11.11111111111111,0.0,11.11111111111111,100.0,0.0,0.0,0.0,22.22222222222222
E0225,2.2222222222222223,8.88888888888889,86.66666666666667,2.2222222222222223,0.0,0.0,100.0,0.0,13.33333333333333
E0226,4.411764705882353,4.411764705882353,85.29411764705883,5.88235294117647,11.11111111111111,11.11111111111111,77.77777777777779,0.0,13.398692810457513
E0228,80.0,3.3333333333333335,10.0,6.666666666666667,0.0,100.0,0.0,0.0,96.66666666666667
E0230,0.0,6.451612903225806,87.09677419354838,6.451612903225806,0.0,0.0,100.0,0.0,12.903225806451616
E0231,1.3513513513513513,1.3513513513513513,95.94594594594594,1.3513513513513513,0.0,0.0,100.0,0.0,4.054054054054059
E0232,7.317073170731707,2.4390243902439024,90.2439024390244,0.0,0.0,0.0,100.0,0.0,9.756097560975608
E0233,6.25,6.25,6.25,81.25,12.5,12.5,0.0,75.0,12.5
E0235,0.0,0.0,100.0,0.0,0.0,0.0,100.0,0.0,0.0
E0236,0.0,8.571428571428571,5.714285714285714,85.71428571428571,0.0,0.0,0.0,100.0,14.285714285714288
E0237,6.122448979591836,8.16326530612245,6.122448979591836,79.59183673469387,0.0,0.0,0.0,100.0,20.408163265306126
E0239,5.333333333333334,0.0,93.33333333333333,1.3333333333333335,0.0,0.0,100.0,0.0,6.66666666666667
E0240,2.941176470588235,94.11764705882352,2.941176470588235,0.0,0.0,100.0,0.0,0.0,5.882352941176475
E0243,8.88888888888889,8.88888888888889,75.55555555555556,6.666666666666667,0.0,20.0,40.0,40.0,44.44444444444444
E0244,95.0,0.0,2.5,2.5,100.0,0.0,0.0,0.0,5.0
E0245,0.0,6.25,93.75,0.0,0.0,0.0,100.0,0.0,6.25
E0246,5.405405405405405,10.81081081081081,81.08108108108108,2.7027027027027026,0.0,0.0,100.0,0.0,18.91891891891892
E0247,0.0,7.142857142857142,89.28571428571429,3.571428571428571,0.0,0.0,100.0,0.0,10.714285714285712
E0248,6.578947368421052,3.9473684210526314,3.9473684210526314,85.52631578947368,16.666666666666664,0.0,0.0,83.33333333333334,10.08771929824561
E0249,0.0,5.405405405405405,8.108108108108109,86.48648648648648,0.0,0.0,20.0,80.0,11.891891891891891
E0250,5.555555555555555,5.555555555555555,80.55555555555556,8.333333333333332,14.285714285714285,0.0,85.71428571428571,0.0,13.888888888888884
E0251,2.857142857142857,0.0,2.857142857142857,94.28571428571428,0.0,0.0,0.0,100.0,5.714285714285719
E0252,4.0,12.0,8.0,76.0,50.0,0.0,0.0,50.0,46.0
E0254,7.142857142857142,7.142857142857142,78.57142857142857,7.142857142857142,0.0,0.0,100.0,0.0,21.42857142857143
E0255,82.85714285714286,2.857142857142857,11.428571428571429,2.857142857142857,80.0,0.0,20.0,0.0,8.571428571428573
E0256,0.0,100.0,0.0,0.0,0.0,100.0,0.0,0.0,0.0
E0257,97.72727272727273,0.0,0.0,2.272727272727273,100.0,0.0,0.0,0.0,2.27272727272727
E0258,8.333333333333332,5.555555555555555,77.77777777777779,8.333333333333332,0.0,0.0,100.0,0.0,22.222222222222214
E0259,93.93939393939394,0.0,0.0,6.0606060606060606,100.0,0.0,0.0,0.0,6.060606060606061
E0260,96.875,3.125,0.0,0.0,80.0,20.0,0.0,0.0,16.875
E0261,89.47368421052632,5.263157894736842,0.0,5.263157894736842,66.66666666666666,33.33333333333333,0.0,0.0,28.070175438596493
E0262,4.166666666666666,2.083333333333333,91.66666666666666,2.083333333333333,16.666666666666664,0.0,83.33333333333334,0.0,12.49999999999999
E0263,5.88235294117647,8.823529411764707,73.52941176470588,11.76470588235294,0.0,0.0,100.0,0.0,26.470588235294116
E0264,25.0,0.0,0.0,75.0,0.0,0.0,0.0,100.0,25.0
E0266,0.0,2.4390243902439024,95.1219512195122,2.4390243902439024,0.0,0.0,100.0,0.0,4.878048780487804
E0267,8.620689655172415,84.48275862068965,0.0,6.896551724137931,12.5,87.5,0.0,0.0,6.896551724137932
E0268,0.0,3.125,93.75,3.125,0.0,0.0,100.0,0.0,6.25
E0269,79.71014492753623,7.246376811594203,8.695652173913043,4.3478260869565215,87.5,12.5,0.0,0.0,13.043478260869563
E0270,2.564102564102564,7.6923076923076925,7.6923076923076925,82.05128205128204,0.0,33.33333333333333,0.0,66.66666666666666,25.64102564102564
E0272,2.857142857142857,91.42857142857143,2.857142857142857,2.857142857142857,0.0,100.0,0.0,0.0,8.571428571428571
E0273,0.0,10.0,90.0,0.0,0.0,0.0,100.0,0.0,10.0
E0274,3.225806451612903,6.451612903225806,6.451612903225806,83.87096774193549,0.0,0.0,0.0,100.0,16.129032258064512
E0275,0.0,16.666666666666664,75.0,8.333333333333332,0.0,0.0,100.0,0.0,25.0
E0276,86.11111111111111,5.555555555555555,5.555555555555555,2.7777777777777777,66.66666666666666,0.0,33.33333333333333,0.0,27.777777777777782
E0277,100.0,0.0,0.0,0.0,100.0,0.0,0.0,0.0,0.0
E0278,80.95238095238095,4.761904761904762,4.761904761904762,9.523809523809524,66.66666666666666,0.0,0.0,33.33333333333333,23.80952380952381
E0279,3.1746031746031744,0.0,93.65079365079364,3.1746031746031744,0.0,0.0,100.0,0.0,6.3492063492063515
E0282,2.4390243902439024,4.878048780487805,90.2439024390244,2.4390243902439024,0.0,0.0,100.0,0.0,9.756097560975606
E0283,81.57894736842105,2.631578947368421,2.631578947368421,13.157894736842104,100.0,0.0,0.0,0.0,18.421052631578945
E0284,91.66666666666666,5.555555555555555,0.0,2.7777777777777777,100.0,0.0,0.0,0.0,8.333333333333337
E0285,6.25,3.125,6.25,84.375,0.0,0.0,0.0,100.0,15.625
E0287,10.256410256410255,0.0,84.61538461538461,5.128205128205128,0.0,0.0,100.0,0.0,15.384615384615385
E0288,2.7027027027027026,4.054054054054054,9.45945945945946,83.78378378378379,14.285714285714285,14.285714285714285,14.285714285714285,57.14285714285714,26.640926640926644
E0289,90.9090909090909,3.0303030303030303,0.0,6.0606060606060606,100.0,0.0,0.0,0.0,9.090909090909093
E0290,0.0,3.571428571428571,92.85714285714286,3.571428571428571,0.0,0.0,100.0,0.0,7.142857142857141
E0291,88.63636363636364,4.545454545454546,4.545454545454546,2.272727272727273,100.0,0.0,0.0,0.0,11.363636363636363
E0292,75.0,11.363636363636363,4.545454545454546,9.090909090909092,33.33333333333333,33.33333333333333,0.0,33.33333333333333,46.21212121212121
E0293,72.72727272727273,12.121212121212121,9.090909090909092,6.0606060606060606,60.0,20.0,20.0,0.0,18.787878787878793
E0294,92.10526315789474,0.0,7.894736842105263,0.0,100.0,0.0,0.0,0.0,7.894736842105262
E0295,3.225806451612903,9.67741935483871,9.67741935483871,77.41935483870968,50.0,0.0,50.0,0.0,87.09677419354838
E0296,0.0,0.0,9.090909090909092,90.9090909090909,0.0,0.0,0.0,100.0,9.090909090909093
E0297,90.0,10.0,0.0,0.0,100.0,0.0,0.0,0.0,10.0
E0298,5.405405405405405,2.7027027027027026,86.48648648648648,5.405405405405405,0.0,0.0,100.0,0.0,13.513513513513516
E0299,3.3333333333333335,3.3333333333333335,3.3333333333333335,90.0,0.0,0.0,0.0,100.0,10.0
E0300,92.13483146067416,4.49438202247191,1.1235955056179776,2.247191011235955,100.0,0.0,0.0,0.0,7.86516853932584
E0301,92.85714285714286,2.380952380952381,2.380952380952381,2.380952380952381,100.0,0.0,0.0,0.0,7.1428571428571415
E0302,12.0,6.0,72.0,10.0,25.0,0.0,75.0,0.0,16.0
E0303,7.6923076923076925,0.0,7.6923076923076925,84.61538461538461,0.0,0.0,0.0,100.0,15.384615384615387
E0304,87.5,3.75,3.75,5.0,100.0,0.0,0.0,0.0,12.5
E0305,3.076923076923077,0.0,95.38461538461539,1.5384615384615385,0.0,0.0,100.0,0.0,4.615384615384614
E0306,13.793103448275861,3.4482758620689653,82.75862068965517,0.0,0.0,0.0,100.0,0.0,17.241379310344826
E0307,0.0,5.128205128205128,5.128205128205128,89.74358974358975,0.0,0.0,0.0,100.0,10.256410256410252
E0308,10.344827586206897,0.0,89.65517241379311,0.0,50.0,0.0,50.0,0.0,39.65517241379311
E0309,8.620689655172415,79.3103448275862,5.172413793103448,6.896551724137931,0.0,71.42857142857143,14.285714285714285,14.285714285714285,16.50246305418719
E0310,92.3076923076923,0.0,5.128205128205128,2.564102564102564,100.0,0.0,0.0,0.0,7.6923076923076925
E0311,70.58823529411765,8.823529411764707,2.941176470588235,17.647058823529413,40.0,20.0,20.0,20.0,30.58823529411765
E0312,4.615384615384616,4.615384615384616,89.23076923076924,1.5384615384615385,0.0,0.0,100.0,0.0,10.769230769230766
E0313,6.25,6.25,87.5,0.0,16.666666666666664,0.0,83.33333333333334,0.0,10.41666666666666
E0314,9.090909090909092,80.3030303030303,7.575757575757576,3.0303030303030303,20.0,60.0,0.0,20.0,27.878787878787875
E0315,0.0,2.380952380952381,95.23809523809523,2.380952380952381,0.0,0.0,100.0,0.0,4.761904761904768
E0316,10.0,0.0,17.5,72.5,0.0,0.0,16.666666666666664,83.33333333333334,10.83333333333334
E0317,2.7777777777777777,0.0,94.44444444444444,2.7777777777777777,0.0,0.0,100.0,0.0,5.555555555555557
E0318,7.142857142857142,2.857142857142857,87.14285714285714,2.857142857142857,0.0,0.0,100.0,0.0,12.85714285714286
E0319,0.0,0.0,100.0,0.0,0.0,0.0,100.0,0.0,0.0
E0320,93.42105263157895,3.9473684210526314,1.3157894736842104,1.3157894736842104,100.0,0.0,0.0,0.0,6.578947368421054
E0321,4.761904761904762,85.71428571428571,9.523809523809524,0.0,0.0,100.0,0.0,0.0,14.285714285714288
E0322,8.620689655172415,3.4482758620689653,84.48275862068965,3.4482758620689653,0.0,0.0,100.0,0.0,15.517241379310347
E0323,2.7777777777777777,2.7777777777777777,88.88888888888889,5.555555555555555,0.0,33.33333333333333,66.66666666666666,0.0,30.555555555555557
E0324,7.6923076923076925,1.9230769230769231,90.38461538461539,0.0,0.0,0.0,100.0,0.0,9.615384615384613
E0326,6.0606060606060606,9.090909090909092,78.78787878787878,6.0606060606060606,0.0,0.0,100.0,0.0,21.212121212121218
E0327,11.428571428571429,8.571428571428571,5.714285714285714,74.28571428571429,42.857142857142854,14.285714285714285,0.0,42.857142857142854,37.142857142857146
E0328,84.61538461538461,2.564102564102564,7.6923076923076925,5.128205128205128,100.0,0.0,0.0,0.0,15.384615384615385
E0329,81.63265306122449,6.122448979591836,8.16326530612245,4.081632653061225,80.0,20.0,0.0,0.0,13.877551020408161
E0330,5.555555555555555,11.11111111111111,77.77777777777779,5.555555555555555,0.0,0.0,100.0,0.0,22.222222222222218
E0331,0.0,97.5,0.0,2.5,0.0,100.0,0.0,0.0,2.5
E0332,4.651162790697675,2.3255813953488373,86.04651162790698,6.976744186046512,0.0,0.0,100.0,0.0,13.95348837209302
E0333,0.0,0.0,100.0,0.0,0.0,0.0,100.0,0.0,0.0
E0334,90.14084507042254,2.8169014084507045,4.225352112676056,2.8169014084507045,100.0,0.0,0.0,0.0,9.85915492957746
E0335,91.83673469387756,2.0408163265306123,4.081632653061225,2.0408163265306123,100.0,0.0,0.0,0.0,8.163265306122446
E0336,2.380952380952381,2.380952380952381,88.09523809523809,7.142857142857142,0.0,0.0,100.0,0.0,11.904761904761909
E0337,5.0,7.5,80.0,7.5,0.0,0.0,66.66666666666666,33.33333333333333,25.833333333333336
E0338,8.333333333333332,0.0,5.555555555555555,86.11111111111111,0.0,0.0,0.0,100.0,13.888888888888886
E0339,0.0,11.11111111111111,83.33333333333334,5.555555555555555,0.0,0.0,75.0,25.0,19.44444444444445
E0340,1.36986301369863,0.0,5.47945205479452,93.15068493150685,0.0,0.0,0.0,100.0,6.849315068493153
E0341,90.2439024390244,7.317073170731707,2.4390243902439024,0.0,100.0,0.0,0.0,0.0,9.756097560975606
E0343,87.8048780487805,0.0,9.75609756097561,2.4390243902439024,100.0,0.0,0.0,0.0,12.195121951219509
E0344,2.7027027027027026,0.0,94.5945945945946,2.7027027027027026,0.0,0.0,100.0,0.0,5.4054054054054035
E0346,91.93548387096774,3.225806451612903,3.225806451612903,1.6129032258064515,100.0,0.0,0.0,0.0,8.064516129032258
E0347,2.564102564102564,10.256410256410255,84.61538461538461,2.564102564102564,0.0,0.0,100.0,0.0,15.384615384615383
E0348,100.0,0.0,0.0,0.0,100.0,0.0,0.0,0.0,0.0
E0349,2.564102564102564,94.87179487179486,0.0,2.564102564102564,0.0,100.0,0.0,0.0,5.128205128205133
E0350,0.0,0.0,75.0,25.0,0.0,0.0,100.0,0.0,25.0
E0351,6.666666666666667,78.33333333333333,10.0,5.0,25.0,25.0,25.0,25.0,53.33333333333333
E0352,0.0,3.3333333333333335,93.33333333333333,3.3333333333333335,0.0,0.0,100.0,0.0,6.66666666666667
E0353,4.651162790697675,4.651162790697675,79.06976744186046,11.627906976744185,0.0,0.0,100.0,0.0,20.930232558139537
E0354,2.272727272727273,4.545454545454546,84.0909090909091,9.090909090909092,0.0,25.0,75.0,0.0,20.454545454545457
E0355,5.263157894736842,2.631578947368421,86.8421052631579,5.263157894736842,25.0,25.0,50.0,0.0,42.10526315789474
E0356,20.253164556962027,22.78481012658228,37.9746835443038,18.9873417721519,10.0,20.0,40.0,30.0,13.037974683544302
E0357,8.333333333333332,13.88888888888889,69.44444444444444,8.333333333333332,0.0,0.0,100.0,0.0,30.555555555555557
E0358,0.0,100.0,0.0,0.0,0.0,100.0,0.0,0.0,0.0
E0359,3.4482758620689653,12.068965517241379,0.0,84.48275862068965,0.0,20.0,0.0,80.0,7.931034482758619
E0360,100.0,0.0,0.0,0.0,100.0,0.0,0.0,0.0,0.0
E0361,6.976744186046512,0.0,90.69767441860465,2.3255813953488373,25.0,0.0,75.0,0.0,18.023255813953487
E0362,0.0,2.941176470588235,94.11764705882352,2.941176470588235,0.0,0.0,100.0,0.0,5.882352941176475
E0363,0.0,0.0,95.1219512195122,4.878048780487805,0.0,0.0,100.0,0.0,4.878048780487804
E0364,73.33333333333333,10.0,10.0,6.666666666666667,100.0,0.0,0.0,0.0,26.666666666666668
E0366,10.526315789473683,15.789473684210526,71.05263157894737,2.631578947368421,20.0,0.0,80.0,0.0,18.421052631578945
E0367,4.3478260869565215,13.043478260869565,73.91304347826086,8.695652173913043,0.0,0.0,100.0,0.0,26.086956521739133
E0368,83.72093023255815,4.651162790697675,11.627906976744185,0.0,100.0,0.0,0.0,0.0,16.279069767441857
E0369,6.25,3.125,87.5,3.125,0.0,0.0,100.0,0.0,12.5
E0370,2.9850746268656714,7.462686567164178,82.08955223880598,7.462686567164178,20.0,0.0,80.0,0.0,17.014925373134332
E0371,96.72131147540983,1.639344262295082,0.0,1.639344262295082,100.0,0.0,0.0,0.0,3.278688524590165
E0372,97.36842105263158,2.631578947368421,0.0,0.0,75.0,25.0,0.0,0.0,22.368421052631575
E0373,13.793103448275861,3.4482758620689653,75.86206896551724,6.896551724137931,0.0,0.0,100.0,0.0,24.137931034482758
E0374,4.651162790697675,6.976744186046512,86.04651162790698,2.3255813953488373,0.0,0.0,100.0,0.0,13.953488372093021
E0375,0.0,100.0,0.0,0.0,0.0,100.0,0.0,0.0,0.0
E0378,0.0,0.0,100.0,0.0,0.0,0.0,100.0,0.0,0.0
E0379,8.333333333333332,5.0,80.0,6.666666666666667,0.0,0.0,66.66666666666666,33.33333333333333,26.666666666666668
E0380,8.108108108108109,2.7027027027027026,78.37837837837837,10.81081081081081,0.0,0.0,66.66666666666666,33.33333333333333,22.52252252252252
E0381,0.0,0.0,0.0,100.0,0.0,0.0,0.0,100.0,0.0
E0382,7.6923076923076925,0.0,89.74358974358975,2.564102564102564,0.0,0.0,100.0,0.0,10.256410256410252
E0383,5.714285714285714,5.714285714285714,88.57142857142857,0.0,0.0,0.0,100.0,0.0,11.42857142857143
E0384,82.35294117647058,5.88235294117647,5.88235294117647,5.88235294117647,100.0,0.0,0.0,0.0,17.647058823529417
E0385,90.625,3.125,3.125,3.125,100.0,0.0,0.0,0.0,9.375
E0386,2.564102564102564,0.0,5.128205128205128,92.3076923076923,0.0,0.0,33.33333333333333,66.66666666666666,28.205128205128208
E0387,0.0,0.0,3.389830508474576,96.61016949152543,0.0,0.0,8.333333333333332,91.66666666666666,4.943502824858762
E0388,0.0,0.0,97.2972972972973,2.7027027027027026,0.0,0.0,100.0,0.0,2.7027027027026986
E0389,5.970149253731343,2.9850746268656714,2.9850746268656714,88.05970149253731,0.0,0.0,0.0,100.0,11.940298507462686
E0391,5.128205128205128,89.74358974358975,2.564102564102564,2.564102564102564,0.0,100.0,0.0,0.0,10.256410256410252
E0392,85.36585365853658,4.878048780487805,2.4390243902439024,7.317073170731707,100.0,0.0,0.0,0.0,14.634146341463417
E0393,3.225806451612903,93.54838709677419,3.225806451612903,0.0,0.0,100.0,0.0,0.0,6.451612903225808
E0394,3.6585365853658534,4.878048780487805,2.4390243902439024,89.02439024390245,0.0,0.0,0.0,100.0,10.975609756097558
E0395,7.894736842105263,13.157894736842104,57.89473684210527,21.052631578947366,0.0,16.666666666666664,50.0,33.33333333333333,15.789473684210526
E0396,72.09302325581395,6.976744186046512,9.30232558139535,11.627906976744185,71.42857142857143,14.285714285714285,14.285714285714285,0.0,12.292358803986705
E0397,6.896551724137931,86.20689655172413,3.4482758620689653,3.4482758620689653,0.0,100.0,0.0,0.0,13.793103448275865
E0398,10.9375,6.25,4.6875,78.125,0.0,0.0,14.285714285714285,85.71428571428571,17.187499999999996
E0399,7.142857142857142,7.142857142857142,85.71428571428571,0.0,0.0,0.0,100.0,0.0,14.285714285714288
E0400,92.0,0.0,4.0,4.0,75.0,0.0,25.0,0.0,21.0
E0401,3.0303030303030303,0.0,96.96969696969697,0.0,0.0,0.0,100.0,0.0,3.0303030303030307
E0402,11.428571428571429,2.857142857142857,77.14285714285715,8.571428571428571,0.0,0.0,100.0,0.0,22.85714285714285
E0403,3.225806451612903,0.0,90.32258064516128,6.451612903225806,0.0,0.0,100.0,0.0,9.677419354838715
E0404,11.76470588235294,11.76470588235294,70.58823529411765,5.88235294117647,25.0,0.0,75.0,0.0,17.64705882352941
E0405,2.7027027027027026,0.0,8.108108108108109,89.1891891891892,0.0,0.0,0.0,100.0,10.810810810810809
E0406,2.127659574468085,17.02127659574468,78.72340425531915,2.127659574468085,0.0,25.0,75.0,0.0,7.978723404255321
E0407,4.0,16.0,8.0,72.0,0.0,0.0,0.0,100.0,28.0
E0408,0.0,6.25,93.75,0.0,0.0,0.0,100.0,0.0,6.25
E0409,6.25,6.25,85.9375,1.5625,0.0,0.0,100.0,0.0,14.0625
E0411,6.896551724137931,6.896551724137931,82.75862068965517,3.4482758620689653,0.0,0.0,100.0,0.0,17.241379310344826
E0412,4.10958904109589,4.10958904109589,86.3013698630137,5.47945205479452,0.0,0.0,100.0,0.0,13.6986301369863
E0413,4.878048780487805,7.317073170731707,75.60975609756098,12.195121951219512,0.0,50.0,0.0,50.0,80.48780487804878
E0414,80.0,6.25,10.0,3.75,100.0,0.0,0.0,0.0,20.0
E0415,6.521739130434782,2.1739130434782608,80.43478260869566,10.869565217391305,12.5,0.0,75.0,12.5,7.608695652173915
E0416,2.127659574468085,4.25531914893617,87.2340425531915,6.382978723404255,0.0,0.0,100.0,0.0,12.765957446808507
E0417,0.0,0.0,98.64864864864865,1.3513513513513513,0.0,0.0,100.0,0.0,1.3513513513513529
E0418,3.278688524590164,0.0,3.278688524590164,93.44262295081968,0.0,0.0,0.0,100.0,6.557377049180323
E0419,11.39240506329114,72.15189873417721,7.59493670886076,8.860759493670885,12.5,75.0,0.0,12.5,7.5949367088607636
E0420,95.0,2.5,0.0,2.5,100.0,0.0,0.0,0.0,5.0
E0421,0.0,2.857142857142857,94.28571428571428,2.857142857142857,0.0,0.0,100.0,0.0,5.714285714285719
E0422,10.0,2.5,85.0,2.5,50.0,0.0,50.0,0.0,40.0
E0423,0.0,96.96969696969697,0.0,3.0303030303030303,0.0,50.0,0.0,50.0,46.96969696969697
E0425,4.545454545454546,6.8181818181818175,84.0909090909091,4.545454545454546,50.0,0.0,50.0,0.0,45.45454545454546
E0427,2.7027027027027026,5.405405405405405,89.1891891891892,2.7027027027027026,0.0,25.0,75.0,0.0,19.594594594594597
E0428,7.142857142857142,3.571428571428571,78.57142857142857,10.714285714285714,0.0,0.0,100.0,0.0,21.42857142857143
E0429,0.0,0.0,0.0,100.0,0.0,0.0,0.0,100.0,0.0
E0430,11.11111111111111,0.0,77.77777777777779,11.11111111111111,0.0,0.0,100.0,0.0,22.22222222222222
E0431,75.34246575342466,12.32876712328767,9.58904109589041,2.73972602739726,75.0,25.0,0.0,0.0,12.671232876712331
E0432,1.4925373134328357,7.462686567164178,89.55223880597015,1.4925373134328357,0.0,0.0,100.0,0.0,10.447761194029852
E0433,2.5974025974025974,1.2987012987012987,89.6103896103896,6.493506493506493,0.0,0.0,75.0,25.0,18.506493506493502
E0434,6.666666666666667,80.0,5.0,8.333333333333332,16.666666666666664,83.33333333333334,0.0,0.0,13.333333333333336
E0435,6.0606060606060606,4.545454545454546,83.33333333333334,6.0606060606060606,0.0,0.0,80.0,20.0,13.939393939393945
E0436,0.0,6.8181818181818175,2.272727272727273,90.9090909090909,0.0,0.0,0.0,100.0,9.090909090909092
E0437,100.0,0.0,0.0,0.0,100.0,0.0,0.0,0.0,0.0
E0438,2.941176470588235,2.941176470588235,94.11764705882352,0.0,0.0,0.0,100.0,0.0,5.882352941176475
E0440,0.0,0.0,100.0,0.0,0.0,0.0,100.0,0.0,0.0
E0441,10.0,0.0,3.3333333333333335,86.66666666666667,0.0,0.0,0.0,100.0,13.333333333333332
E0442,5.357142857142857,3.571428571428571,91.07142857142857,0.0,0.0,0.0,100.0,0.0,8.928571428571429
E0443,0.0,0.0,0.0,100.0,0.0,0.0,0.0,100.0,0.0
E0444,2.3255813953488373,13.953488372093023,81.3953488372093,2.3255813953488373,0.0,0.0,100.0,0.0,18.6046511627907
E0445,95.91836734693877,2.0408163265306123,0.0,2.0408163265306123,66.66666666666666,33.33333333333333,0.0,0.0,31.292517006802715
E0446,0.0,33.33333333333333,22.22222222222222,44.44444444444444,0.0,100.0,0.0,0.0,66.66666666666666
E0447,3.4482758620689653,89.65517241379311,0.0,6.896551724137931,0.0,100.0,0.0,0.0,10.344827586206893
E0448,6.122448979591836,75.51020408163265,6.122448979591836,12.244897959183673,0.0,100.0,0.0,0.0,24.48979591836735
E0452,0.0,0.0,100.0,0.0,0.0,0.0,100.0,0.0,0.0
E0453,8.108108108108109,13.513513513513514,72.97297297297297,5.405405405405405,0.0,0.0,100.0,0.0,27.027027027027028
E0455,1.7857142857142856,3.571428571428571,94.64285714285714,0.0,0.0,16.666666666666664,83.33333333333334,0.0,13.095238095238088
E0456,96.42857142857143,3.571428571428571,0.0,0.0,100.0,0.0,0.0,0.0,3.5714285714285703
E0457,1.4925373134328357,5.970149253731343,89.55223880597015,2.9850746268656714,0.0,0.0,100.0,0.0,10.44776119402985
E0458,91.42857142857143,2.857142857142857,0.0,5.714285714285714,100.0,0.0,0.0,0.0,8.571428571428571
E0459,0.0,0.0,96.42857142857143,3.571428571428571,0.0,0.0,66.66666666666666,33.33333333333333,29.761904761904766
E0460,0.0,0.0,100.0,0.0,0.0,0.0,100.0,0.0,0.0
E0461,88.57142857142857,2.857142857142857,2.857142857142857,5.714285714285714,100.0,0.0,0.0,0.0,11.42857142857143
E0463,96.0,0.0,1.3333333333333335,2.666666666666667,100.0,0.0,0.0,0.0,4.0
E0464,83.33333333333334,2.7777777777777777,2.7777777777777777,11.11111111111111,100.0,0.0,0.0,0.0,16.666666666666664
E0465,7.936507936507936,17.46031746031746,71.42857142857143,3.1746031746031744,25.0,0.0,75.0,0.0,20.634920634920633
E0466,100.0,0.0,0.0,0.0,100.0,0.0,0.0,0.0,0.0
E0467,2.631578947368421,0.0,97.36842105263158,0.0,0.0,0.0,100.0,0.0,2.631578947368423
E0468,12.82051282051282,12.82051282051282,69.23076923076923,5.128205128205128,25.0,0.0,75.0,0.0,17.94871794871795
E0469,0.0,0.0,100.0,0.0,0.0,0.0,100.0,0.0,0.0
E0470,2.7777777777777777,11.11111111111111,80.55555555555556,5.555555555555555,0.0,0.0,50.0,50.0,44.44444444444444
E0471,9.230769230769232,6.153846153846154,81.53846153846153,3.076923076923077,20.0,20.0,60.0,0.0,24.615384615384613
E0472,0.0,90.9090909090909,0.0,9.090909090909092,0.0,100.0,0.0,0.0,9.090909090909093
E0473,1.5151515151515151,98.48484848484848,0.0,0.0,0.0,100.0,0.0,0.0,1.5151515151515154
E0474,4.3478260869565215,8.695652173913043,82.6086956521739,4.3478260869565215,0.0,33.33333333333333,66.66666666666666,0.0,24.63768115942029
E0475,3.0303030303030303,6.0606060606060606,87.87878787878788,3.0303030303030303,25.0,0.0,75.0,0.0,21.96969696969697
E0477,4.878048780487805,4.878048780487805,82.92682926829268,7.317073170731707,0.0,0.0,100.0,0.0,17.07317073170732
E0478,0.0,100.0,0.0,0.0,0.0,100.0,0.0,0.0,0.0
E0479,4.3478260869565215,0.0,91.30434782608695,4.3478260869565215,0.0,0.0,100.0,0.0,8.695652173913045
E0481,7.142857142857142,5.714285714285714,84.28571428571429,2.857142857142857,16.666666666666664,0.0,83.33333333333334,0.0,9.523809523809522
E0482,18.181818181818183,81.81818181818183,0.0,0.0,0.0,100.0,0.0,0.0,18.18181818181818
E0483,9.090909090909092,0.0,90.9090909090909,0.0,0.0,0.0,100.0,0.0,9.090909090909093
E0484,14.457831325301203,4.819277108433735,7.228915662650602,73.49397590361446,25.0,0.0,0.0,75.0,12.048192771084338
E0485,2.564102564102564,5.128205128205128,89.74358974358975,2.564102564102564,0.0,0.0,100.0,0.0,10.256410256410252
E0486,74.28571428571429,8.571428571428571,11.428571428571429,5.714285714285714,40.0,20.0,20.0,20.0,34.28571428571429
E0487,10.76923076923077,3.076923076923077,78.46153846153847,7.6923076923076925,0.0,0.0,100.0,0.0,21.538461538461537
E0488,0.0,0.0,85.71428571428571,14.285714285714285,0.0,0.0,100.0,0.0,14.285714285714288
E0490,6.0606060606060606,78.78787878787878,9.090909090909092,6.0606060606060606,11.11111111111111,77.77777777777779,11.11111111111111,0.0,7.070707070707063
E0491,2.941176470588235,5.88235294117647,0.0,91.17647058823529,0.0,33.33333333333333,0.0,66.66666666666666,27.450980392156865
E0492,82.85714285714286,2.857142857142857,5.714285714285714,8.571428571428571,80.0,0.0,0.0,20.0,11.42857142857143
E0493,0.0,1.6666666666666667,5.0,93.33333333333333,0.0,0.0,0.0,100.0,6.66666666666667
E0494,14.705882352941178,2.941176470588235,76.47058823529412,5.88235294117647,0.0,33.33333333333333,66.66666666666666,0.0,30.3921568627451
E0495,2.941176470588235,2.941176470588235,88.23529411764706,5.88235294117647,0.0,0.0,100.0,0.0,11.764705882352942
E0496,0.0,0.0,95.45454545454545,4.545454545454546,0.0,0.0,100.0,0.0,4.545454545454547
E0497,82.35294117647058,5.88235294117647,8.823529411764707,2.941176470588235,100.0,0.0,0.0,0.0,17.647058823529413
E0498,5.405405405405405,5.405405405405405,86.48648648648648,2.7027027027027026,0.0,50.0,50.0,0.0,44.5945945945946
E0499,2.564102564102564,0.0,94.87179487179486,2.564102564102564,0.0,0.0,100.0,0.0,5.128205128205133
E0500,83.78378378378379,10.81081081081081,0.0,5.405405405405405,100.0,0.0,0.0,0.0,16.216216216216214
E0501,2.7777777777777777,5.555555555555555,5.555555555555555,86.11111111111111,0.0,0.0,20.0,80.0,14.444444444444446
E0503,2.564102564102564,2.564102564102564,92.3076923076923,2.564102564102564,0.0,0.0,100.0,0.0,7.6923076923076925
E0504,6.896551724137931,3.4482758620689653,86.20689655172413,3.4482758620689653,0.0,50.0,50.0,0.0,46.551724137931025
E0505,8.21917808219178,6.8493150684931505,80.82191780821918,4.10958904109589,12.5,25.0,50.0,12.5,30.821917808219183
E0506,10.714285714285714,7.142857142857142,67.85714285714286,14.285714285714285,0.0,0.0,75.0,25.0,17.857142857142854
E0507,62.5,0.0,25.0,12.5,0.0,0.0,0.0,100.0,87.5
E0508,77.5,3.75,11.25,7.5,88.88888888888889,0.0,0.0,11.11111111111111,14.999999999999998
E0509,90.9090909090909,3.0303030303030303,0.0,6.0606060606060606,75.0,25.0,0.0,0.0,21.96969696969697
E0510,8.695652173913043,2.1739130434782608,86.95652173913044,2.1739130434782608,0.0,0.0,100.0,0.0,13.043478260869565
E0513,88.37209302325581,4.651162790697675,2.3255813953488373,4.651162790697675,33.33333333333333,0.0,33.33333333333333,33.33333333333333,59.689922480620154
E0514,2.666666666666667,2.666666666666667,1.3333333333333335,93.33333333333333,0.0,0.0,0.0,100.0,6.66666666666667
E0515,2.564102564102564,2.564102564102564,92.3076923076923,2.564102564102564,50.0,0.0,50.0,0.0,47.43589743589744
E0516,0.0,0.0,100.0,0.0,0.0,0.0,100.0,0.0,0.0
E0517,2.272727272727273,9.090909090909092,0.0,88.63636363636364,0.0,0.0,0.0,100.0,11.363636363636363
E0518,14.285714285714285,0.0,85.71428571428571,0.0,100.0,0.0,0.0,0.0,85.71428571428572
E0519,92.20779220779221,1.2987012987012987,5.194805194805195,1.2987012987012987,100.0,0.0,0.0,0.0,7.792207792207792
E0520,8.333333333333332,5.555555555555555,79.16666666666666,6.944444444444445,0.0,16.666666666666664,83.33333333333334,0.0,15.277777777777786
E0521,87.8048780487805,0.0,4.878048780487805,7.317073170731707,100.0,0.0,0.0,0.0,12.195121951219509
E0522,9.375,3.125,78.125,9.375,0.0,0.0,75.0,25.0,15.625
E0523,2.4390243902439024,4.878048780487805,87.8048780487805,4.878048780487805,0.0,0.0,100.0,0.0,12.195121951219509
E0524,83.87096774193549,3.225806451612903,3.225806451612903,9.67741935483871,100.0,0.0,0.0,0.0,16.129032258064516
E0525,2.127659574468085,0.0,93.61702127659575,4.25531914893617,33.33333333333333,0.0,66.66666666666666,0.0,31.205673758865252
E0526,1.3513513513513513,4.054054054054054,90.54054054054053,4.054054054054054,0.0,0.0,0.0,100.0,95.94594594594594
E0527,7.142857142857142,19.047619047619047,66.66666666666666,7.142857142857142,0.0,0.0,100.0,0.0,33.333333333333336
E0528,0.0,6.25,90.625,3.125,0.0,0.0,100.0,0.0,9.375
E0531,0.0,100.0,0.0,0.0,0.0,100.0,0.0,0.0,0.0
E0534,0.0,0.0,97.43589743589743,2.564102564102564,0.0,0.0,75.0,25.0,22.435897435897434
E0535,6.25,0.0,89.0625,4.6875,0.0,0.0,85.71428571428571,14.285714285714285,9.598214285714288
E0536,2.7777777777777777,91.66666666666666,1.3888888888888888,4.166666666666666,0.0,100.0,0.0,0.0,8.33333333333334
E0537,8.0,8.0,84.0,0.0,0.0,0.0,100.0,0.0,16.0
E0538,7.352941176470589,83.82352941176471,2.941176470588235,5.88235294117647,11.11111111111111,77.77777777777779,0.0,11.11111111111111,8.986928104575162
E0539,5.128205128205128,0.0,89.74358974358975,5.128205128205128,0.0,0.0,100.0,0.0,10.256410256410252
E0541,62.5,12.5,16.666666666666664,8.333333333333332,100.0,0.0,0.0,0.0,37.49999999999999
E0542,0.0,6.666666666666667,6.666666666666667,86.66666666666667,0.0,0.0,0.0,100.0,13.333333333333332
E0543,97.5,0.0,0.0,2.5,100.0,0.0,0.0,0.0,2.5
E0544,92.5,2.5,2.5,2.5,100.0,0.0,0.0,0.0,7.5
E0545,7.6923076923076925,0.0,76.92307692307693,15.384615384615385,0.0,0.0,50.0,50.0,34.61538461538462
E0546,3.125,9.375,78.125,9.375,0.0,0.0,100.0,0.0,21.875
E0547,5.88235294117647,88.23529411764706,5.88235294117647,0.0,0.0,100.0,0.0,0.0,11.764705882352942
E0548,0.0,10.0,90.0,0.0,0.0,0.0,100.0,0.0,10.0
E0550,0.0,0.0,0.0,100.0,0.0,0.0,0.0,100.0,0.0
E0551,3.389830508474576,8.47457627118644,81.35593220338984,6.779661016949152,0.0,0.0,100.0,0.0,18.644067796610166
E0552,0.0,100.0,0.0,0.0,0.0,100.0,0.0,0.0,0.0
E0553,85.71428571428571,5.714285714285714,8.571428571428571,0.0,100.0,0.0,0.0,0.0,14.285714285714288
E0554,100.0,0.0,0.0,0.0,100.0,0.0,0.0,0.0,0.0
E0555,5.263157894736842,10.526315789473683,13.157894736842104,71.05263157894737,0.0,0.0,0.0,100.0,28.94736842105263
E0556,0.0,0.0,100.0,0.0,0.0,0.0,100.0,0.0,0.0
E0557,0.0,0.0,100.0,0.0,0.0,0.0,100.0,0.0,0.0
E0558,88.40579710144928,2.898550724637681,2.898550724637681,5.797101449275362,100.0,0.0,0.0,0.0,11.594202898550723
E0559,11.11111111111111,5.555555555555555,77.77777777777779,5.555555555555555,0.0,0.0,50.0,50.0,44.44444444444444
E0560,86.11111111111111,2.7777777777777777,2.7777777777777777,8.333333333333332,75.0,25.0,0.0,0.0,22.22222222222222
E0561,5.555555555555555,80.55555555555556,8.333333333333332,5.555555555555555,0.0,100.0,0.0,0.0,19.444444444444443
E0562,8.0,1.3333333333333335,89.33333333333333,1.3333333333333335,20.0,0.0,80.0,0.0,11.999999999999998
E0563,10.0,10.0,70.0,10.0,0.0,0.0,50.0,50.0,40.0
E0565,0.0,3.125,93.75,3.125,0.0,0.0,100.0,0.0,6.25
E0566,87.8048780487805,4.878048780487805,0.0,7.317073170731707,100.0,0.0,0.0,0.0,12.195121951219509
E0567,5.405405405405405,0.0,94.5945945945946,0.0,0.0,0.0,100.0,0.0,5.405405405405404
E0568,5.88235294117647,89.70588235294117,0.0,4.411764705882353,0.0,100.0,0.0,0.0,10.294117647058826
E0569,86.11111111111111,5.555555555555555,5.555555555555555,2.7777777777777777,75.0,25.0,0.0,0.0,19.444444444444446
E0570,1.5873015873015872,4.761904761904762,4.761904761904762,88.88888888888889,16.666666666666664,0.0,0.0,83.33333333333334,15.079365079365072
E0571,5.555555555555555,5.555555555555555,5.555555555555555,83.33333333333334,0.0,0.0,0.0,100.0,16.66666666666666
E0572,11.363636363636363,0.0,79.54545454545455,9.090909090909092,0.0,0.0,100.0,0.0,20.454545454545453
E0573,9.090909090909092,0.0,81.81818181818183,9.090909090909092,0.0,0.0,50.0,50.0,40.909090909090914
E0574,6.153846153846154,3.076923076923077,1.5384615384615385,89.23076923076924,25.0,25.0,0.0,50.0,40.769230769230774
E0575,3.3333333333333335,3.3333333333333335,86.66666666666667,6.666666666666667,0.0,0.0,75.0,25.0,18.333333333333336
E0576,0.0,0.0,11.11111111111111,88.88888888888889,0.0,0.0,100.0,0.0,88.88888888888889
E0578,96.96969696969697,0.0,1.5151515151515151,1.5151515151515151,85.71428571428571,0.0,0.0,14.285714285714285,12.770562770562773
E0579,89.74358974358975,0.0,5.128205128205128,5.128205128205128,85.71428571428571,0.0,14.285714285714285,0.0,9.157509157509164
E0580,0.0,1.8181818181818181,5.454545454545454,92.72727272727272,0.0,0.0,0.0,100.0,7.272727272727277
E0581,3.508771929824561,3.508771929824561,10.526315789473683,82.45614035087719,9.090909090909092,0.0,9.090909090909092,81.81818181818183,5.582137161084524
E0582,5.172413793103448,3.4482758620689653,89.65517241379311,1.7241379310344827,25.0,0.0,75.0,0.0,19.827586206896555
E0583,7.894736842105263,0.0,89.47368421052632,2.631578947368421,0.0,0.0,100.0,0.0,10.526315789473685
E0584,21.428571428571427,9.523809523809524,57.14285714285714,11.904761904761903,33.33333333333333,0.0,66.66666666666666,0.0,21.428571428571423
E0585,45.45454545454545,18.181818181818183,9.090909090909092,27.27272727272727,100.0,0.0,0.0,0.0,54.54545454545455
E0587,83.33333333333334,2.380952380952381,2.380952380952381,11.904761904761903,50.0,0.0,0.0,50.0,38.0952380952381
E0588,1.8181818181818181,1.8181818181818181,96.36363636363636,0.0,0.0,0.0,100.0,0.0,3.6363636363636385
E0589,82.92682926829268,2.4390243902439024,7.317073170731707,7.317073170731707,100.0,0.0,0.0,0.0,17.073170731707318
E0590,0.0,5.405405405405405,89.1891891891892,5.405405405405405,0.0,28.57142857142857,71.42857142857143,0.0,23.166023166023166
E0591,83.75,7.5,3.75,5.0,72.72727272727273,18.181818181818183,0.0,9.090909090909092,14.77272727272727
E0592,79.41176470588235,11.76470588235294,8.823529411764707,0.0,66.66666666666666,33.33333333333333,0.0,0.0,21.568627450980394
E0593,1.6129032258064515,1.6129032258064515,93.54838709677419,3.225806451612903,0.0,0.0,100.0,0.0,6.451612903225808
E0594,3.076923076923077,3.076923076923077,90.76923076923077,3.076923076923077,0.0,12.5,87.5,0.0,9.423076923076925
E0595,94.87179487179486,5.128205128205128,0.0,0.0,100.0,0.0,0.0,0.0,5.128205128205133
E0597,12.82051282051282,12.82051282051282,64.1025641025641,10.256410256410255,0.0,0.0,100.0,0.0,35.8974358974359
E0598,7.246376811594203,84.05797101449275,0.0,8.695652173913043,50.0,50.0,0.0,0.0,42.7536231884058
E0599,90.9090909090909,0.0,9.090909090909092,0.0,100.0,0.0,0.0,0.0,9.090909090909093
E0600,8.695652173913043,85.5072463768116,4.3478260869565215,1.4492753623188406,25.0,75.0,0.0,0.0,16.304347826086957
E0601,0.0,0.0,100.0,0.0,0.0,0.0,100.0,0.0,0.0
E0602,90.0,4.285714285714286,1.4285714285714286,4.285714285714286,100.0,0.0,0.0,0.0,10.0
E0603,5.714285714285714,2.857142857142857,8.571428571428571,82.85714285714286,0.0,0.0,50.0,50.0,41.42857142857143
E0604,98.4126984126984,1.5873015873015872,0.0,0.0,100.0,0.0,0.0,0.0,1.5873015873015914
E0605,88.09523809523809,4.761904761904762,4.761904761904762,2.380952380952381,66.66666666666666,33.33333333333333,0.0,0.0,28.57142857142857
E0606,6.349206349206349,0.0,90.47619047619048,3.1746031746031744,0.0,0.0,100.0,0.0,9.52380952380952
E0607,0.0,0.0,97.14285714285714,2.857142857142857,0.0,0.0,100.0,0.0,2.8571428571428594
E0609,5.405405405405405,2.7027027027027026,91.8918918918919,0.0,0.0,25.0,75.0,0.0,22.297297297297302
E0610,3.125,1.5625,95.3125,0.0,0.0,0.0,100.0,0.0,4.6875
E0613,0.0,16.666666666666664,83.33333333333334,0.0,0.0,100.0,0.0,0.0,83.33333333333334
E0614,91.80327868852459,1.639344262295082,3.278688524590164,3.278688524590164,83.33333333333334,0.0,16.666666666666664,0.0,13.387978142076495
E0615,4.166666666666666,4.166666666666666,8.333333333333332,83.33333333333334,0.0,0.0,0.0,100.0,16.66666666666666
E0616,85.71428571428571,2.380952380952381,7.142857142857142,4.761904761904762,100.0,0.0,0.0,0.0,14.285714285714288
E0617,8.13953488372093,8.13953488372093,74.4186046511628,9.30232558139535,0.0,12.5,87.5,0.0,17.441860465116278
E0618,95.23809523809523,0.0,2.380952380952381,2.380952380952381,100.0,0.0,0.0,0.0,4.761904761904768
E0619,90.32258064516128,3.225806451612903,3.225806451612903,3.225806451612903,75.0,0.0,0.0,25.0,21.774193548387093
E0620,92.85714285714286,2.380952380952381,2.380952380952381,2.380952380952381,100.0,0.0,0.0,0.0,7.1428571428571415
E0621,2.73972602739726,5.47945205479452,4.10958904109589,87.67123287671232,0.0,0.0,0.0,100.0,12.328767123287673
E0622,3.125,90.625,3.125,3.125,0.0,100.0,0.0,0.0,9.375
E0623,77.77777777777779,0.0,0.0,22.22222222222222,0.0,0.0,0.0,100.0,77.77777777777777
E0624,0.0,6.666666666666667,93.33333333333333,0.0,0.0,0.0,100.0,0.0,6.66666666666667
E0625,100.0,0.0,0.0,0.0,100.0,0.0,0.0,0.0,0.0
E0626,5.633802816901409,8.450704225352112,76.05633802816901,9.859154929577464,0.0,0.0,75.0,25.0,15.140845070422532
E0627,0.0,0.0,0.0,100.0,0.0,0.0,0.0,100.0,0.0
E0628,8.620689655172415,10.344827586206897,72.41379310344827,8.620689655172415,0.0,50.0,50.0,0.0,39.655172413793096
E0629,2.631578947368421,0.0,89.47368421052632,7.894736842105263,0.0,0.0,100.0,0.0,10.526315789473685
E0630,0.0,0.0,3.3333333333333335,96.66666666666667,0.0,0.0,0.0,100.0,3.3333333333333313
E0632,2.564102564102564,2.564102564102564,94.87179487179486,0.0,0.0,0.0,100.0,0.0,5.128205128205133
E0633,88.1578947368421,5.263157894736842,1.3157894736842104,5.263157894736842,83.33333333333334,0.0,0.0,16.666666666666664,11.403508771929815
E0634,2.9850746268656714,4.477611940298507,1.4925373134328357,91.04477611940298,0.0,14.285714285714285,14.285714285714285,71.42857142857143,22.601279317697227
E0635,2.564102564102564,5.128205128205128,89.74358974358975,2.564102564102564,0.0,0.0,100.0,0.0,10.256410256410252
E0636,9.090909090909092,9.090909090909092,6.0606060606060606,75.75757575757575,0.0,0.0,0.0,100.0,24.242424242424246
E0637,10.0,10.0,80.0,0.0,0.0,0.0,100.0,0.0,20.0
E0638,7.894736842105263,0.0,2.631578947368421,89.47368421052632,0.0,0.0,0.0,100.0,10.526315789473685
E0639,0.0,6.382978723404255,8.51063829787234,85.1063829787234,0.0,0.0,0.0,100.0,14.893617021276597
E0640,2.5,7.5,72.5,17.5,0.0,33.33333333333333,66.66666666666666,0.0,25.833333333333336
E0641,7.017543859649122,8.771929824561402,77.19298245614034,7.017543859649122,0.0,0.0,100.0,0.0,22.80701754385965
E0642,6.25,3.125,81.25,9.375,0.0,0.0,100.0,0.0,18.75
E0643,90.32258064516128,3.225806451612903,3.225806451612903,3.225806451612903,80.0,20.0,0.0,0.0,16.774193548387093
E0644,85.71428571428571,8.571428571428571,5.714285714285714,0.0,66.66666666666666,33.33333333333333,0.0,0.0,24.761904761904763
E0645,85.9375,6.25,4.6875,3.125,100.0,0.0,0.0,0.0,14.0625
E0646,10.526315789473683,5.263157894736842,77.19298245614034,7.017543859649122,11.11111111111111,0.0,77.77777777777779,11.11111111111111,5.2631578947368505
E0647,8.823529411764707,2.941176470588235,88.23529411764706,0.0,14.285714285714285,0.0,85.71428571428571,0.0,5.462184873949582
E0649,5.714285714285714,0.0,88.57142857142857,5.714285714285714,0.0,0.0,100.0,0.0,11.42857142857143
E0650,90.9090909090909,0.0,4.545454545454546,4.545454545454546,71.42857142857143,0.0,14.285714285714285,14.285714285714285,19.480519480519476
E0652,80.85106382978722,6.382978723404255,6.382978723404255,6.382978723404255,100.0,0.0,0.0,0.0,19.148936170212774
E0653,1.36986301369863,5.47945205479452,87.67123287671232,5.47945205479452,0.0,0.0,100.0,0.0,12.328767123287674
E0654,0.0,100.0,0.0,0.0,0.0,100.0,0.0,0.0,0.0
E0655,84.375,6.25,0.0,9.375,50.0,33.33333333333333,0.0,16.666666666666664,34.375
E0657,81.08108108108108,5.405405405405405,8.108108108108109,5.405405405405405,0.0,100.0,0.0,0.0,94.5945945945946
E0659,5.88235294117647,11.76470588235294,82.35294117647058,0.0,0.0,0.0,100.0,0.0,17.647058823529413
E0660,87.87878787878788,6.0606060606060606,0.0,6.0606060606060606,100.0,0.0,0.0,0.0,12.121212121212125
E0661,0.0,2.564102564102564,97.43589743589743,0.0,0.0,0.0,100.0,0.0,2.5641025641025665
E0662,7.317073170731707,0.0,91.46341463414635,1.2195121951219512,50.0,0.0,50.0,0.0,42.6829268292683
E0663,95.23809523809523,0.0,0.0,4.761904761904762,83.33333333333334,0.0,0.0,16.666666666666664,11.904761904761893
E0664,91.66666666666666,0.0,8.333333333333332,0.0,100.0,0.0,0.0,0.0,8.333333333333337
E0665,95.23809523809523,0.0,2.380952380952381,2.380952380952381,100.0,0.0,0.0,0.0,4.761904761904768
E0667,10.0,17.5,62.5,10.0,0.0,25.0,75.0,0.0,20.0
E0669,2.857142857142857,91.42857142857143,1.4285714285714286,4.285714285714286,0.0,75.0,12.5,12.5,19.28571428571429
E0670,94.5945945945946,1.3513513513513513,1.3513513513513513,2.7027027027027026,100.0,0.0,0.0,0.0,5.4054054054054035
E0671,4.10958904109589,87.67123287671232,2.73972602739726,5.47945205479452,0.0,75.0,12.5,12.5,16.78082191780822
E0672,2.9850746268656714,4.477611940298507,0.0,92.53731343283582,0.0,0.0,0.0,100.0,7.462686567164181
E0673,94.54545454545455,3.6363636363636362,0.0,1.8181818181818181,83.33333333333334,16.666666666666664,0.0,0.0,13.030303030303024
E0674,6.0606060606060606,0.0,90.9090909090909,3.0303030303030303,0.0,0.0,100.0,0.0,9.090909090909092
E0675,69.44444444444444,5.555555555555555,16.666666666666664,8.333333333333332,100.0,0.0,0.0,0.0,30.555555555555557
E0677,98.75,0.0,0.0,1.25,100.0,0.0,0.0,0.0,1.25
E0678,89.04109589041096,4.10958904109589,4.10958904109589,2.73972602739726,100.0,0.0,0.0,0.0,10.958904109589042
E0679,82.35294117647058,5.88235294117647,2.941176470588235,8.823529411764707,50.0,0.0,0.0,50.0,41.17647058823529
E0681,87.09677419354838,6.451612903225806,3.225806451612903,3.225806451612903,100.0,0.0,0.0,0.0,12.903225806451616
E0682,1.2658227848101267,1.2658227848101267,97.46835443037975,0.0,0.0,0.0,100.0,0.0,2.531645569620253
E0683,7.142857142857142,3.571428571428571,3.571428571428571,85.71428571428571,33.33333333333333,0.0,0.0,66.66666666666666,26.19047619047619
E0684,5.714285714285714,0.0,94.28571428571428,0.0,0.0,0.0,100.0,0.0,5.714285714285719
E0685,0.0,0.0,100.0,0.0,0.0,0.0,100.0,0.0,0.0
E0686,6.521739130434782,4.3478260869565215,84.78260869565217,4.3478260869565215,0.0,0.0,100.0,0.0,15.217391304347828
E0687,76.74418604651163,2.3255813953488373,13.953488372093023,6.976744186046512,40.0,0.0,20.0,40.0,39.06976744186046
E0688,2.7777777777777777,5.555555555555555,86.11111111111111,5.555555555555555,0.0,0.0,100.0,0.0,13.888888888888886
E0689,8.21917808219178,6.8493150684931505,76.71232876712328,8.21917808219178,14.285714285714285,0.0,71.42857142857143,14.285714285714285,12.133072407045006
E0690,83.72093023255815,4.651162790697675,0.0,11.627906976744185,50.0,0.0,0.0,50.0,38.372093023255815
E0691,0.0,0.0,97.2972972972973,2.7027027027027026,0.0,0.0,100.0,0.0,2.7027027027026986
E0692,3.7037037037037033,88.88888888888889,0.0,7.4074074074074066,0.0,66.66666666666666,0.0,33.33333333333333,25.925925925925927
E0693,0.0,93.93939393939394,3.0303030303030303,3.0303030303030303,0.0,100.0,0.0,0.0,6.060606060606062
E0694,73.80952380952381,4.761904761904762,11.904761904761903,9.523809523809524,100.0,0.0,0.0,0.0,26.19047619047619
E0695,5.714285714285714,5.714285714285714,85.71428571428571,2.857142857142857,0.0,0.0,66.66666666666666,33.33333333333333,30.476190476190474
E0696,85.13513513513513,5.405405405405405,4.054054054054054,5.405405405405405,75.0,0.0,0.0,25.0,19.594594594594593
E0697,3.0303030303030303,6.0606060606060606,81.81818181818183,9.090909090909092,0.0,0.0,100.0,0.0,18.181818181818176
E0698,86.20689655172413,1.7241379310344827,5.172413793103448,6.896551724137931,80.0,0.0,0.0,20.0,13.103448275862064
E0699,0.0,0.0,100.0,0.0,0.0,0.0,100.0,0.0,0.0
E0700,0.0,80.88235294117648,10.294117647058822,8.823529411764707,0.0,83.33333333333334,0.0,16.666666666666664,10.294117647058822
E0701,6.25,8.333333333333332,79.16666666666666,6.25,0.0,0.0,100.0,0.0,20.833333333333336
E0702,97.22222222222221,0.0,2.7777777777777777,0.0,100.0,0.0,0.0,0.0,2.7777777777777817
E0703,70.96774193548387,6.451612903225806,6.451612903225806,16.129032258064516,100.0,0.0,0.0,0.0,29.032258064516128
E0704,85.36585365853658,0.0,9.75609756097561,4.878048780487805,100.0,0.0,0.0,0.0,14.634146341463419
E0705,9.090909090909092,18.181818181818183,72.72727272727273,0.0,0.0,100.0,0.0,0.0,81.81818181818181
E0706,2.3255813953488373,90.69767441860465,2.3255813953488373,4.651162790697675,0.0,75.0,0.0,25.0,20.348837209302324
E0707,88.57142857142857,0.0,8.571428571428571,2.857142857142857,100.0,0.0,0.0,0.0,11.428571428571429
E0708,87.03703703703704,3.7037037037037033,5.555555555555555,3.7037037037037033,100.0,0.0,0.0,0.0,12.962962962962962
E0709,0.0,1.639344262295082,98.36065573770492,0.0,0.0,0.0,100.0,0.0,1.6393442622950825
E0710,83.87096774193549,0.0,12.903225806451612,3.225806451612903,88.88888888888889,0.0,11.11111111111111,0.0,5.017921146953402
E0711,4.878048780487805,7.317073170731707,85.36585365853658,2.4390243902439024,0.0,0.0,100.0,0.0,14.634146341463417
E0713,6.0,4.0,84.0,6.0,0.0,0.0,100.0,0.0,16.0
E0714,0.0,13.043478260869565,8.695652173913043,78.26086956521739,0.0,0.0,0.0,100.0,21.73913043478261
E0715,2.5,5.0,90.0,2.5,0.0,0.0,100.0,0.0,10.0
E0717,81.08108108108108,2.7027027027027026,8.108108108108109,8.108108108108109,50.0,0.0,50.0,0.0,41.891891891891895
E0718,4.3478260869565215,8.695652173913043,0.0,86.95652173913044,0.0,0.0,0.0,100.0,13.043478260869563
E0719,7.6923076923076925,7.6923076923076925,79.48717948717949,5.128205128205128,0.0,33.33333333333333,66.66666666666666,0.0,25.641025641025642
E0720,82.75862068965517,10.344827586206897,3.4482758620689653,3.4482758620689653,100.0,0.0,0.0,0.0,17.241379310344826
E0721,4.761904761904762,1.5873015873015872,92.06349206349206,1.5873015873015872,0.0,0.0,100.0,0.0,7.936507936507936
E0722,2.73972602739726,5.47945205479452,84.93150684931507,6.8493150684931505,0.0,0.0,83.33333333333334,16.666666666666664,9.81735159817351
E0723,7.6923076923076925,10.256410256410255,82.05128205128204,0.0,14.285714285714285,0.0,85.71428571428571,0.0,10.256410256410255
E0724,4.878048780487805,4.878048780487805,2.4390243902439024,87.8048780487805,0.0,0.0,0.0,100.0,12.195121951219509
E0725,0.0,0.0,100.0,0.0,0.0,0.0,100.0,0.0,0.0
E0726,5.970149253731343,2.9850746268656714,86.56716417910447,4.477611940298507,12.5,0.0,87.5,0.0,7.462686567164185
E0727,1.4925373134328357,1.4925373134328357,94.02985074626866,2.9850746268656714,0.0,0.0,100.0,0.0,5.970149253731339
E0728,13.513513513513514,0.0,0.0,86.48648648648648,20.0,0.0,0.0,80.0,6.486486486486485
E0729,0.0,0.0,100.0,0.0,0.0,0.0,100.0,0.0,0.0
E0730,13.513513513513514,5.405405405405405,67.56756756756756,13.513513513513514,0.0,0.0,66.66666666666666,33.33333333333333,19.81981981981982
E0731,2.380952380952381,7.142857142857142,88.09523809523809,2.380952380952381,0.0,0.0,100.0,0.0,11.904761904761909
E0732,4.838709677419355,9.67741935483871,74.19354838709677,11.29032258064516,0.0,0.0,50.0,50.0,38.70967741935483
E0733,100.0,0.0,0.0,0.0,100.0,0.0,0.0,0.0,0.0
E0734,79.01234567901234,4.938271604938271,6.172839506172839,9.876543209876543,80.0,0.0,10.0,10.0,4.938271604938274
E0735,4.761904761904762,4.761904761904762,87.3015873015873,3.1746031746031744,0.0,0.0,100.0,0.0,12.698412698412698
E0736,7.317073170731707,4.878048780487805,87.8048780487805,0.0,0.0,0.0,100.0,0.0,12.195121951219509
E0737,5.970149253731343,8.955223880597014,82.08955223880598,2.9850746268656714,0.0,16.666666666666664,66.66666666666666,16.666666666666664,21.393034825870654
E0738,6.896551724137931,6.896551724137931,79.3103448275862,6.896551724137931,0.0,0.0,100.0,0.0,20.68965517241379
E0740,5.0,0.0,10.0,85.0,0.0,0.0,50.0,50.0,40.0
E0741,10.0,78.57142857142857,5.714285714285714,5.714285714285714,0.0,83.33333333333334,0.0,16.666666666666664,15.714285714285719
E0742,0.0,85.71428571428571,5.714285714285714,8.571428571428571,0.0,100.0,0.0,0.0,14.285714285714288
E0743,1.4925373134328357,5.970149253731343,4.477611940298507,88.05970149253731,0.0,12.5,12.5,75.0,14.55223880597015
E0744,96.29629629629629,0.0,3.7037037037037033,0.0,100.0,0.0,0.0,0.0,3.7037037037037064
E0745,65.51724137931035,17.24137931034483,10.344827586206897,6.896551724137931,33.33333333333333,33.33333333333333,33.33333333333333,0.0,39.08045977011494
E0746,5.88235294117647,5.88235294117647,85.29411764705883,2.941176470588235,0.0,0.0,100.0,0.0,14.705882352941176
E0747,96.15384615384616,0.0,0.0,3.8461538461538463,100.0,0.0,0.0,0.0,3.846153846153843
E0748,86.8421052631579,5.263157894736842,2.631578947368421,5.263157894736842,100.0,0.0,0.0,0.0,13.1578947368421
E0749,92.85714285714286,2.380952380952381,4.761904761904762,0.0,100.0,0.0,0.0,0.0,7.142857142857141
E0750,0.0,13.333333333333334,6.666666666666667,80.0,0.0,0.0,25.0,75.0,18.333333333333332
E0751,9.090909090909092,6.0606060606060606,81.81818181818183,3.0303030303030303,0.0,0.0,100.0,0.0,18.18181818181818
E0753,7.317073170731707,82.92682926829268,7.317073170731707,2.4390243902439024,0.0,100.0,0.0,0.0,17.073170731707318
E0754,10.526315789473683,2.631578947368421,84.21052631578947,2.631578947368421,0.0,0.0,100.0,0.0,15.78947368421053
E0755,68.11594202898551,8.695652173913043,10.144927536231885,13.043478260869565,85.71428571428571,0.0,0.0,14.285714285714285,18.840579710144922
E0756,1.5151515151515151,95.45454545454545,1.5151515151515151,1.5151515151515151,0.0,100.0,0.0,0.0,4.545454545454547
E0757,94.87179487179486,2.564102564102564,0.0,2.564102564102564,100.0,0.0,0.0,0.0,5.128205128205133
E0758,78.94736842105263,2.631578947368421,10.526315789473683,7.894736842105263,66.66666666666666,0.0,33.33333333333333,0.0,22.80701754385965
E0759,0.0,1.5384615384615385,95.38461538461539,3.076923076923077,0.0,0.0,100.0,0.0,4.615384615384614
E0760,12.121212121212121,6.0606060606060606,78.78787878787878,3.0303030303030303,25.0,0.0,75.0,0.0,12.878787878787875
E0763,82.85714285714286,10.0,2.857142857142857,4.285714285714286,83.33333333333334,16.666666666666664,0.0,0.0,7.142857142857144
E0764,2.857142857142857,8.571428571428571,85.71428571428571,2.857142857142857,0.0,0.0,100.0,0.0,14.28571428571429
E0765,5.681818181818182,1.1363636363636365,90.9090909090909,2.272727272727273,25.0,0.0,75.0,0.0,19.318181818181817
E0766,0.0,95.1219512195122,2.4390243902439024,2.4390243902439024,0.0,100.0,0.0,0.0,4.878048780487804
E0767,3.225806451612903,0.0,90.32258064516128,6.451612903225806,0.0,0.0,100.0,0.0,9.677419354838715
E0768,80.0,8.571428571428571,5.714285714285714,5.714285714285714,71.42857142857143,14.285714285714285,0.0,14.285714285714285,14.285714285714283
E0769,0.0,2.7027027027027026,91.8918918918919,5.405405405405405,0.0,0.0,100.0,0.0,8.108108108108102
E0771,0.0,96.29629629629629,1.8518518518518516,1.8518518518518516,0.0,100.0,0.0,0.0,3.703703703703706
E0772,91.93548387096774,1.6129032258064515,4.838709677419355,1.6129032258064515,100.0,0.0,0.0,0.0,8.064516129032258
E0775,2.1739130434782608,6.521739130434782,4.3478260869565215,86.95652173913044,0.0,0.0,0.0,100.0,13.043478260869563
E0777,7.5,5.0,5.0,82.5,0.0,0.0,0.0,100.0,17.5
E0779,8.88888888888889,0.0,8.88888888888889,82.22222222222221,0.0,0.0,0.0,100.0,17.777777777777782
E0780,59.523809523809526,14.285714285714285,19.047619047619047,7.142857142857142,40.0,40.0,20.0,0.0,26.666666666666664
E0781,11.29032258064516,11.29032258064516,69.35483870967742,8.064516129032258,0.0,0.0,100.0,0.0,30.645161290322577
E0782,6.896551724137931,6.896551724137931,75.86206896551724,10.344827586206897,0.0,33.33333333333333,66.66666666666666,0.0,26.436781609195403
E0783,11.11111111111111,0.0,88.88888888888889,0.0,0.0,0.0,100.0,0.0,11.111111111111112
E0785,9.523809523809524,7.142857142857142,11.904761904761903,71.42857142857143,25.0,0.0,0.0,75.0,19.047619047619047
E0786,90.0,5.0,2.5,2.5,60.0,40.0,0.0,0.0,35.0
E0787,2.564102564102564,10.256410256410255,84.61538461538461,2.564102564102564,0.0,50.0,50.0,0.0,39.743589743589745
E0788,12.5,0.0,87.5,0.0,0.0,0.0,100.0,0.0,12.5
E0789,8.108108108108109,2.7027027027027026,5.405405405405405,83.78378378378379,0.0,0.0,33.33333333333333,66.66666666666666,27.927927927927932
E0790,85.71428571428571,5.714285714285714,7.142857142857142,1.4285714285714286,50.0,0.0,0.0,50.0,48.57142857142857
E0791,4.545454545454546,4.545454545454546,77.27272727272727,13.636363636363635,0.0,0.0,50.0,50.0,36.36363636363636
E0792,74.24242424242425,7.575757575757576,6.0606060606060606,12.121212121212121,66.66666666666666,16.666666666666664,16.666666666666664,0.0,19.696969696969703
E0793,3.125,0.0,96.875,0.0,0.0,0.0,100.0,0.0,3.125
E0794,9.63855421686747,12.048192771084338,67.46987951807229,10.843373493975903,25.0,25.0,50.0,0.0,28.313253012048193
E0796,7.5,2.5,85.0,5.0,0.0,0.0,100.0,0.0,15.0
E0797,2.4390243902439024,92.6829268292683,2.4390243902439024,2.4390243902439024,0.0,100.0,0.0,0.0,7.317073170731706
E0799,3.0303030303030303,3.0303030303030303,87.87878787878788,6.0606060606060606,0.0,0.0,100.0,0.0,12.121212121212125
E0801,5.405405405405405,10.81081081081081,10.81081081081081,72.97297297297297,0.0,25.0,0.0,75.0,16.216216216216218
E0804,11.76470588235294,11.76470588235294,73.52941176470588,2.941176470588235,0.0,0.0,100.0,0.0,26.470588235294116
E0805,9.75609756097561,14.634146341463413,65.85365853658537,9.75609756097561,0.0,0.0,100.0,0.0,34.14634146341463
E0806,2.5,7.5,85.0,5.0,0.0,0.0,100.0,0.0,15.0
E0807,0.0,3.0303030303030303,0.0,96.96969696969697,0.0,0.0,0.0,100.0,3.0303030303030307
E0808,10.714285714285714,7.142857142857142,0.0,82.14285714285714,0.0,0.0,0.0,100.0,17.857142857142858
E0809,3.4482758620689653,6.896551724137931,86.20689655172413,3.4482758620689653,0.0,16.666666666666664,83.33333333333334,0.0,9.770114942528725
E0811,4.761904761904762,90.47619047619048,2.380952380952381,2.380952380952381,0.0,50.0,50.0,0.0,47.61904761904762
E0812,3.0303030303030303,1.5151515151515151,95.45454545454545,0.0,0.0,0.0,100.0,0.0,4.545454545454546
E0813,7.142857142857142,2.380952380952381,11.904761904761903,78.57142857142857,0.0,0.0,0.0,100.0,21.42857142857143
E0814,3.508771929824561,5.263157894736842,80.7017543859649,10.526315789473683,25.0,0.0,75.0,0.0,21.491228070175435
E0815,9.67741935483871,80.64516129032258,3.225806451612903,6.451612903225806,0.0,100.0,0.0,0.0,19.354838709677423
E0816,0.0,0.0,0.0,100.0,0.0,0.0,0.0,100.0,0.0
E0817,7.4074074074074066,88.88888888888889,3.7037037037037033,0.0,0.0,100.0,0.0,0.0,11.11111111111111
E0818,96.875,0.0,3.125,0.0,100.0,0.0,0.0,0.0,3.125
E0819,0.0,2.380952380952381,95.23809523809523,2.380952380952381,0.0,0.0,100.0,0.0,4.761904761904768
E0820,0.0,94.87179487179486,0.0,5.128205128205128,0.0,100.0,0.0,0.0,5.128205128205133
E0821,3.571428571428571,3.571428571428571,85.71428571428571,7.142857142857142,0.0,0.0,100.0,0.0,14.285714285714288
E0822,0.0,5.405405405405405,94.5945945945946,0.0,0.0,0.0,100.0,0.0,5.405405405405404
E0823,83.33333333333334,8.333333333333332,6.944444444444445,1.3888888888888888,100.0,0.0,0.0,0.0,16.66666666666666
E0824,2.941176470588235,8.823529411764707,0.0,88.23529411764706,0.0,0.0,0.0,100.0,11.764705882352942
E0825,8.333333333333332,83.33333333333334,5.555555555555555,2.7777777777777777,0.0,100.0,0.0,0.0,16.66666666666666
E0826,2.5316455696202533,8.860759493670885,87.34177215189874,1.2658227848101267,0.0,0.0,100.0,0.0,12.658227848101264
E0827,8.695652173913043,4.3478260869565215,5.797101449275362,81.15942028985508,25.0,0.0,25.0,50.0,35.507246376811594
E0828,84.61538461538461,5.128205128205128,2.564102564102564,7.6923076923076925,80.0,0.0,0.0,20.0,12.307692307692307
E0829,10.0,10.0,72.5,7.5,33.33333333333333,0.0,66.66666666666666,0.0,23.333333333333336
E0830,4.0,4.0,90.0,2.0,0.0,0.0,100.0,0.0,10.0
E0831,1.7857142857142856,5.357142857142857,89.28571428571429,3.571428571428571,0.0,0.0,100.0,0.0,10.714285714285712
E0832,3.7735849056603774,0.0,90.56603773584906,5.660377358490567,0.0,0.0,50.0,50.0,44.339622641509436
E0833,4.3478260869565215,78.26086956521739,4.3478260869565215,13.043478260869565,0.0,100.0,0.0,0.0,21.73913043478261
E0834,87.6923076923077,4.615384615384616,4.615384615384616,3.076923076923077,100.0,0.0,0.0,0.0,12.307692307692308
E0835,98.61111111111111,0.0,1.3888888888888888,0.0,100.0,0.0,0.0,0.0,1.3888888888888873
E0836,0.0,94.73684210526315,0.0,5.263157894736842,0.0,100.0,0.0,0.0,5.263157894736846
E0838,0.0,0.0,0.0,100.0,0.0,0.0,0.0,100.0,0.0
E0839,0.0,0.0,97.2972972972973,2.7027027027027026,0.0,0.0,100.0,0.0,2.7027027027026986
E0841,8.571428571428571,2.857142857142857,88.57142857142857,0.0,0.0,0.0,100.0,0.0,11.42857142857143
E0842,2.564102564102564,97.43589743589743,0.0,0.0,0.0,100.0,0.0,0.0,2.5641025641025665
E0843,16.666666666666664,0.0,83.33333333333334,0.0,0.0,0.0,100.0,0.0,16.66666666666666
E0844,9.090909090909092,18.181818181818183,69.6969696969697,3.0303030303030303,0.0,33.33333333333333,66.66666666666666,0.0,15.151515151515156
E0845,2.2222222222222223,0.0,4.444444444444445,93.33333333333333,0.0,0.0,50.0,50.0,45.55555555555556
E0846,0.0,8.0,88.0,4.0,0.0,0.0,100.0,0.0,12.0
E0847,42.857142857142854,0.0,14.285714285714285,42.857142857142854,100.0,0.0,0.0,0.0,57.14285714285714
E0848,12.121212121212121,6.0606060606060606,69.6969696969697,12.121212121212121,0.0,0.0,33.33333333333333,66.66666666666666,54.54545454545455
E0850,0.0,8.823529411764707,88.23529411764706,2.941176470588235,0.0,0.0,100.0,0.0,11.764705882352942
E0851,0.0,2.631578947368421,97.36842105263158,0.0,0.0,0.0,100.0,0.0,2.631578947368423
E0854,5.555555555555555,0.0,94.44444444444444,0.0,0.0,0.0,100.0,0.0,5.555555555555556
E0856,5.970149253731343,4.477611940298507,79.1044776119403,10.44776119402985,14.285714285714285,0.0,71.42857142857143,14.285714285714285,12.153518123667375
E0858,89.47368421052632,2.631578947368421,2.631578947368421,5.263157894736842,100.0,0.0,0.0,0.0,10.526315789473685
E0859,0.0,0.0,2.631578947368421,97.36842105263158,0.0,0.0,0.0,100.0,2.631578947368423
E0860,18.421052631578945,10.526315789473683,47.368421052631575,23.684210526315788,25.0,12.5,37.5,25.0,9.868421052631579
E0861,74.66666666666667,6.666666666666667,9.333333333333334,9.333333333333334,80.0,20.0,0.0,0.0,18.666666666666664
E0862,85.29411764705883,2.941176470588235,2.941176470588235,8.823529411764707,80.0,0.0,0.0,20.0,11.176470588235295
E0863,6.8181818181818175,2.272727272727273,88.63636363636364,2.272727272727273,20.0,20.0,40.0,20.0,48.63636363636364
E0864,88.57142857142857,2.857142857142857,2.857142857142857,5.714285714285714,66.66666666666666,0.0,16.666666666666664,16.666666666666664,24.761904761904763
E0865,1.3888888888888888,1.3888888888888888,95.83333333333334,1.3888888888888888,0.0,0.0,100.0,0.0,4.166666666666662
E0866,74.28571428571429,5.714285714285714,11.428571428571429,8.571428571428571,33.33333333333333,33.33333333333333,33.33333333333333,0.0,49.523809523809526
E0867,8.823529411764707,8.823529411764707,76.47058823529412,5.88235294117647,25.0,12.5,62.5,0.0,19.852941176470587
E0869,82.6086956521739,4.3478260869565215,4.3478260869565215,8.695652173913043,100.0,0.0,0.0,0.0,17.391304347826093
E0870,3.571428571428571,4.761904761904762,85.71428571428571,5.952380952380952,25.0,0.0,75.0,0.0,21.428571428571423
E0871,0.0,2.857142857142857,97.14285714285714,0.0,0.0,33.33333333333333,66.66666666666666,0.0,30.476190476190474
E0872,10.0,80.0,10.0,0.0,0.0,50.0,50.0,0.0,40.0
E0873,5.0,5.0,90.0,0.0,0.0,0.0,100.0,0.0,10.0
E0874,85.71428571428571,1.5873015873015872,3.1746031746031744,9.523809523809524,100.0,0.0,0.0,0.0,14.285714285714288
E0875,8.823529411764707,76.47058823529412,7.352941176470589,7.352941176470589,0.0,100.0,0.0,0.0,23.529411764705884
E0876,87.5,12.5,0.0,0.0,100.0,0.0,0.0,0.0,12.5
E0877,93.61702127659575,2.127659574468085,2.127659574468085,2.127659574468085,85.71428571428571,14.285714285714285,0.0,0.0,12.158054711246205
E0878,6.0606060606060606,0.0,3.0303030303030303,90.9090909090909,0.0,0.0,0.0,100.0,9.090909090909092
E0879,0.0,8.695652173913043,8.695652173913043,82.6086956521739,0.0,0.0,14.285714285714285,85.71428571428571,8.695652173913043
E0881,78.94736842105263,2.631578947368421,10.526315789473683,7.894736842105263,100.0,0.0,0.0,0.0,21.052631578947366
E0882,7.6923076923076925,0.0,79.48717948717949,12.82051282051282,0.0,0.0,50.0,50.0,37.17948717948718
E0884,55.38461538461539,20.0,7.6923076923076925,16.923076923076923,50.0,25.0,0.0,25.0,13.076923076923078
E0885,1.4705882352941175,7.352941176470589,80.88235294117648,10.294117647058822,0.0,0.0,60.0,40.0,29.70588235294118
E0886,2.5,2.5,2.5,92.5,0.0,0.0,0.0,100.0,7.5
E0887,84.12698412698413,7.936507936507936,4.761904761904762,3.1746031746031744,66.66666666666666,33.33333333333333,0.0,0.0,25.3968253968254
E0888,2.857142857142857,2.857142857142857,82.85714285714286,11.428571428571429,0.0,0.0,75.0,25.0,13.571428571428573
E0889,95.77464788732394,2.8169014084507045,1.4084507042253522,0.0,100.0,0.0,0.0,0.0,4.22535211267606
E0890,7.5,10.0,82.5,0.0,0.0,0.0,100.0,0.0,17.5
E0891,0.0,0.0,1.5384615384615385,98.46153846153847,0.0,0.0,0.0,100.0,1.5384615384615357
E0893,7.142857142857142,9.523809523809524,0.0,83.33333333333334,0.0,0.0,0.0,100.0,16.66666666666666
E0895,3.4482758620689653,3.4482758620689653,86.20689655172413,6.896551724137931,0.0,0.0,80.0,20.0,13.103448275862064
E0897,94.52054794520548,1.36986301369863,4.10958904109589,0.0,100.0,0.0,0.0,0.0,5.479452054794521
E0898,10.526315789473683,7.017543859649122,77.19298245614034,5.263157894736842,0.0,0.0,100.0,0.0,22.807017543859654
E0899,95.1219512195122,2.4390243902439024,2.4390243902439024,0.0,100.0,0.0,0.0,0.0,4.878048780487804
E0902,0.0,2.857142857142857,97.14285714285714,0.0,0.0,0.0,100.0,0.0,2.8571428571428594
E0903,5.970149253731343,4.477611940298507,82.08955223880598,7.462686567164178,0.0,0.0,100.0,0.0,17.910447761194025
E0904,0.0,0.0,100.0,0.0,0.0,0.0,100.0,0.0,0.0
E0905,3.4482758620689653,1.7241379310344827,0.0,94.82758620689656,25.0,0.0,0.0,75.0,21.55172413793104
E0906,90.0,1.4285714285714286,5.714285714285714,2.857142857142857,71.42857142857143,0.0,28.57142857142857,0.0,22.85714285714285
E0907,0.0,2.941176470588235,88.23529411764706,8.823529411764707,0.0,0.0,100.0,0.0,11.764705882352942
E0908,4.054054054054054,6.756756756756757,85.13513513513513,4.054054054054054,12.5,0.0,87.5,0.0,10.810810810810814
E0909,2.941176470588235,11.76470588235294,82.35294117647058,2.941176470588235,0.0,0.0,100.0,0.0,17.647058823529413
E0910,5.0,90.0,2.5,2.5,0.0,100.0,0.0,0.0,10.0
E0911,7.142857142857142,7.142857142857142,80.95238095238095,4.761904761904762,0.0,33.33333333333333,66.66666666666666,0.0,26.19047619047619
E0912,2.857142857142857,97.14285714285714,0.0,0.0,0.0,100.0,0.0,0.0,2.8571428571428594
E0913,82.85714285714286,0.0,11.428571428571429,5.714285714285714,100.0,0.0,0.0,0.0,17.142857142857142
E0914,14.705882352941178,5.88235294117647,73.52941176470588,5.88235294117647,0.0,0.0,100.0,0.0,26.47058823529412
E0917,92.6829268292683,4.878048780487805,2.4390243902439024,0.0,50.0,50.0,0.0,0.0,45.1219512195122
E0918,2.941176470588235,91.17647058823529,0.0,5.88235294117647,0.0,100.0,0.0,0.0,8.823529411764708
E0919,12.5,5.0,82.5,0.0,20.0,20.0,60.0,0.0,22.5
E0920,2.941176470588235,0.0,97.05882352941177,0.0,0.0,0.0,100.0,0.0,2.9411764705882337
E0921,84.90566037735849,9.433962264150944,5.660377358490567,0.0,100.0,0.0,0.0,0.0,15.094339622641511
E0922,7.352941176470589,8.823529411764707,83.82352941176471,0.0,0.0,14.285714285714285,85.71428571428571,0.0,7.3529411764705825
E0923,4.6875,3.125,87.5,4.6875,0.0,0.0,100.0,0.0,12.5
E0924,11.428571428571429,4.285714285714286,78.57142857142857,5.714285714285714,14.285714285714285,0.0,71.42857142857143,14.285714285714285,11.428571428571425
E0925,5.263157894736842,5.263157894736842,81.57894736842105,7.894736842105263,0.0,0.0,80.0,20.0,12.105263157894736
E0926,0.0,5.405405405405405,2.7027027027027026,91.8918918918919,0.0,0.0,0.0,100.0,8.108108108108103
E0927,16.666666666666664,0.0,83.33333333333334,0.0,0.0,0.0,100.0,0.0,16.66666666666666
E0928,94.5945945945946,2.7027027027027026,0.0,2.7027027027027026,100.0,0.0,0.0,0.0,5.4054054054054035
E0929,80.64516129032258,3.225806451612903,6.451612903225806,9.67741935483871,100.0,0.0,0.0,0.0,19.354838709677423
E0930,0.0,0.0,97.2972972972973,2.7027027027027026,0.0,0.0,50.0,50.0,47.297297297297305
E0931,15.384615384615385,7.6923076923076925,76.92307692307693,0.0,0.0,0.0,100.0,0.0,23.076923076923073
E0932,0.0,6.666666666666667,8.88888888888889,84.44444444444444,0.0,12.5,0.0,87.5,8.88888888888889
E0933,2.5,0.0,97.5,0.0,0.0,0.0,100.0,0.0,2.5
E0934,8.571428571428571,8.571428571428571,11.428571428571429,71.42857142857143,0.0,0.0,0.0,100.0,28.57142857142857
E0935,2.380952380952381,0.0,2.380952380952381,95.23809523809523,0.0,0.0,0.0,100.0,4.761904761904768
E0936,8.450704225352112,7.042253521126761,74.64788732394366,9.859154929577464,20.0,20.0,50.0,10.0,24.647887323943664
E0937,91.25,5.0,2.5,1.25,100.0,0.0,0.0,0.0,8.75
E0938,70.37037037037037,11.11111111111111,11.11111111111111,7.4074074074074066,40.0,20.0,40.0,0.0,37.77777777777777
E0939,2.941176470588235,2.941176470588235,94.11764705882352,0.0,16.666666666666664,0.0,83.33333333333334,0.0,13.725490196078422
E0941,5.555555555555555,2.7777777777777777,2.7777777777777777,88.88888888888889,0.0,0.0,0.0,100.0,11.111111111111112
E0942,0.0,0.0,97.36842105263158,2.631578947368421,0.0,0.0,100.0,0.0,2.631578947368423
E0943,91.17647058823529,2.941176470588235,2.941176470588235,2.941176470588235,100.0,0.0,0.0,0.0,8.823529411764708
E0944,1.8181818181818181,85.45454545454545,7.2727272727272725,5.454545454545454,0.0,100.0,0.0,0.0,14.545454545454545
E0945,0.0,100.0,0.0,0.0,0.0,100.0,0.0,0.0,0.0
E0946,83.33333333333334,3.3333333333333335,6.666666666666667,6.666666666666667,100.0,0.0,0.0,0.0,16.66666666666666
E0948,7.894736842105263,15.789473684210526,63.1578947368421,13.157894736842104,0.0,50.0,50.0,0.0,34.21052631578947
E0950,0.0,0.0,100.0,0.0,0.0,0.0,100.0,0.0,0.0
E0951,70.27027027027027,0.0,10.81081081081081,18.91891891891892,50.0,0.0,0.0,50.0,31.08108108108108
E0952,0.0,0.0,100.0,0.0,0.0,0.0,100.0,0.0,0.0
E0953,4.444444444444445,11.11111111111111,77.77777777777779,6.666666666666667,0.0,0.0,75.0,25.0,18.333333333333336
E0954,15.151515151515152,9.090909090909092,60.60606060606061,15.151515151515152,0.0,0.0,100.0,0.0,39.39393939393939
E0955,0.0,89.47368421052632,7.894736842105263,2.631578947368421,0.0,80.0,20.0,0.0,12.105263157894736
E0956,5.0,6.666666666666667,83.33333333333334,5.0,0.0,0.0,100.0,0.0,16.666666666666664
E0957,91.8918918918919,0.0,2.7027027027027026,5.405405405405405,50.0,0.0,25.0,25.0,41.891891891891895
E0958,0.0,3.0303030303030303,87.87878787878788,9.090909090909092,0.0,0.0,75.0,25.0,15.909090909090907
E0959,4.395604395604396,1.098901098901099,90.10989010989012,4.395604395604396,10.0,0.0,90.0,0.0,5.604395604395608
E0960,0.0,7.017543859649122,75.43859649122807,17.543859649122805,0.0,25.0,50.0,25.0,25.43859649122807
E0961,87.8048780487805,4.878048780487805,2.4390243902439024,4.878048780487805,100.0,0.0,0.0,0.0,12.195121951219509
E0962,2.3255813953488373,16.27906976744186,79.06976744186046,2.3255813953488373,14.285714285714285,14.285714285714285,71.42857142857143,0.0,11.960132890365447
E0963,0.0,7.6923076923076925,92.3076923076923,0.0,0.0,0.0,100.0,0.0,7.692307692307693
E0964,0.0,2.941176470588235,94.11764705882352,2.941176470588235,0.0,0.0,100.0,0.0,5.882352941176475
E0965,1.7857142857142856,1.7857142857142856,92.85714285714286,3.571428571428571,0.0,0.0,100.0,0.0,7.142857142857141
E0966,2.941176470588235,79.41176470588235,5.88235294117647,11.76470588235294,0.0,66.66666666666666,33.33333333333333,0.0,27.450980392156865
E0967,3.3333333333333335,96.66666666666667,0.0,0.0,25.0,75.0,0.0,0.0,21.66666666666667
E0968,4.615384615384616,3.076923076923077,90.76923076923077,1.5384615384615385,0.0,0.0,80.0,20.0,18.461538461538463
E0969,86.8421052631579,5.263157894736842,2.631578947368421,5.263157894736842,66.66666666666666,33.33333333333333,0.0,0.0,28.070175438596497
E0970,0.0,93.54838709677419,0.0,6.451612903225806,0.0,100.0,0.0,0.0,6.451612903225807
E0971,5.405405405405405,0.0,91.8918918918919,2.7027027027027026,20.0,0.0,80.0,0.0,14.5945945945946
E0973,3.0303030303030303,81.81818181818183,6.0606060606060606,9.090909090909092,0.0,100.0,0.0,0.0,18.18181818181818
E0974,0.0,1.4492753623188406,94.20289855072464,4.3478260869565215,0.0,0.0,100.0,0.0,5.797101449275361
E0975,0.0,4.0,96.0,0.0,0.0,0.0,100.0,0.0,4.0
E0976,4.166666666666666,95.83333333333334,0.0,0.0,0.0,100.0,0.0,0.0,4.166666666666662
E0977,96.36363636363636,3.6363636363636362,0.0,0.0,100.0,0.0,0.0,0.0,3.6363636363636385
E0978,0.0,0.0,80.0,20.0,0.0,0.0,100.0,0.0,20.0
E0979,3.076923076923077,1.5384615384615385,90.76923076923077,4.615384615384616,0.0,0.0,100.0,0.0,9.23076923076923
E0980,0.0,0.0,98.4375,1.5625,0.0,0.0,100.0,0.0,1.5625
E0982,81.25,12.5,3.125,3.125,83.33333333333334,16.666666666666664,0.0,0.0,6.2500000000000036
E0983,5.88235294117647,82.35294117647058,8.823529411764707,2.941176470588235,0.0,100.0,0.0,0.0,17.647058823529413
E0984,9.090909090909092,16.363636363636363,61.81818181818181,12.727272727272727,0.0,0.0,100.0,0.0,38.18181818181819
E0985,86.8421052631579,2.631578947368421,5.263157894736842,5.263157894736842,87.5,0.0,0.0,12.5,7.894736842105258
E0986,96.66666666666667,1.6666666666666667,1.6666666666666667,0.0,100.0,0.0,0.0,0.0,3.3333333333333313
E0988,12.903225806451612,6.451612903225806,45.16129032258064,35.483870967741936,0.0,100.0,0.0,0.0,93.5483870967742
E0989,1.8181818181818181,96.36363636363636,1.8181818181818181,0.0,0.0,100.0,0.0,0.0,3.6363636363636385
E0990,3.4482758620689653,8.620689655172415,6.896551724137931,81.03448275862068,0.0,20.0,0.0,80.0,11.379310344827584
E0991,85.71428571428571,5.714285714285714,5.714285714285714,2.857142857142857,66.66666666666666,0.0,0.0,33.33333333333333,30.476190476190474
E0992,80.26315789473685,1.3157894736842104,11.842105263157894,6.578947368421052,100.0,0.0,0.0,0.0,19.736842105263154
E0993,0.0,0.0,100.0,0.0,0.0,0.0,100.0,0.0,0.0
E0994,93.58974358974359,0.0,3.8461538461538463,2.564102564102564,100.0,0.0,0.0,0.0,6.41025641025641
E0995,58.139534883720934,9.30232558139535,13.953488372093023,18.6046511627907,75.0,25.0,0.0,0.0,32.55813953488372
E0996,82.25806451612904,6.451612903225806,6.451612903225806,4.838709677419355,100.0,0.0,0.0,0.0,17.741935483870964
E0997,11.627906976744185,79.06976744186046,4.651162790697675,4.651162790697675,0.0,100.0,0.0,0.0,20.930232558139537
E0998,79.54545454545455,9.090909090909092,9.090909090909092,2.272727272727273,83.33333333333334,16.666666666666664,0.0,0.0,11.363636363636367
E0999,4.651162790697675,2.3255813953488373,86.04651162790698,6.976744186046512,0.0,0.0,100.0,0.0,13.95348837209302
E1000,1.5151515151515151,0.0,1.5151515151515151,96.96969696969697,0.0,0.0,11.11111111111111,88.88888888888889,9.595959595959597
