employee_id,start_hour_8_pct_long_term,start_hour_9_pct_long_term,start_hour_10_pct_long_term,start_hour_11_pct_long_term,start_hour_8_pct_recent,start_hour_9_pct_recent,start_hour_10_pct_recent,start_hour_11_pct_recent,start_hour_shift_pct
E0001,13.846153846153847,72.3076923076923,13.846153846153847,0.0,50.0,50.0,0.0,0.0,36.15384615384615
E0002,0.0,80.0,20.0,0.0,0.0,100.0,0.0,0.0,20.0
E0003,28.57142857142857,71.42857142857143,0.0,0.0,0.0,100.0,0.0,0.0,28.57142857142857
E0004,10.714285714285714,71.42857142857143,17.857142857142858,0.0,50.0,50.0,0.0,0.0,39.285714285714285
E0005,12.5,25.0,62.5,0.0,0.0,50.0,50.0,0.0,25.0
E0006,0.0,14.634146341463413,73.17073170731707,12.195121951219512,0.0,25.0,50.0,25.0,23.170731707317074
E0007,0.0,18.75,62.5,18.75,0.0,25.0,50.0,25.0,12.5
E0008,0.0,7.894736842105263,81.57894736842105,10.526315789473683,0.0,0.0,100.0,0.0,18.421052631578945
E0009,77.77777777777779,22.22222222222222,0.0,0.0,100.0,0.0,0.0,0.0,22.222222222222218
E0010,73.33333333333333,26.666666666666668,0.0,0.0,80.0,20.0,0.0,0.0,6.66666666666667
E0011,9.090909090909092,75.75757575757575,15.151515151515152,0.0,0.0,83.33333333333334,16.666666666666664,0.0,9.090909090909099
E0012,17.72151898734177,64.55696202531645,17.72151898734177,0.0,33.33333333333333,44.44444444444444,22.22222222222222,0.0,20.11251758087201
E0013,18.91891891891892,67.56756756756756,13.513513513513514,0.0,0.0,83.33333333333334,16.666666666666664,0.0,18.918918918918923
E0014,94.73684210526315,5.263157894736842,0.0,0.0,100.0,0.0,0.0,0.0,5.263157894736846
E0015,10.526315789473683,76.31578947368422,13.157894736842104,0.0,0.0,100.0,0.0,0.0,23.684210526315784
E0017,0.0,11.76470588235294,73.52941176470588,14.705882352941178,0.0,16.666666666666664,50.0,33.33333333333333,23.529411764705877
E0018,15.151515151515152,57.57575757575758,27.27272727272727,0.0,0.0,0.0,100.0,0.0,72.72727272727273
E0019,22.22222222222222,55.55555555555556,22.22222222222222,0.0,33.33333333333333,66.66666666666666,0.0,0.0,22.222222222222214
E0020,90.2439024390244,9.75609756097561,0.0,0.0,75.0,25.0,0.0,0.0,15.243902439024392
E0021,17.94871794871795,66.66666666666666,15.384615384615385,0.0,0.0,66.66666666666666,33.33333333333333,0.0,17.948717948717945
E0023,0.0,20.930232558139537,69.76744186046511,9.30232558139535,0.0,33.33333333333333,66.66666666666666,0.0,12.4031007751938
E0024,0.0,15.492957746478872,71.83098591549296,12.676056338028168,0.0,0.0,100.0,0.0,28.16901408450704
E0025,12.195121951219512,65.85365853658537,21.951219512195124,0.0,0.0,100.0,0.0,0.0,34.14634146341463
E0026,0.0,13.636363636363635,63.63636363636363,22.727272727272727,0.0,25.0,75.0,0.0,22.72727272727273
E0027,0.0,16.666666666666664,66.66666666666666,16.666666666666664,0.0,50.0,50.0,0.0,33.33333333333333
E0029,0.0,16.216216216216218,72.97297297297297,10.81081081081081,0.0,0.0,66.66666666666666,33.33333333333333,22.52252252252252
E0030,11.428571428571429,77.14285714285715,11.428571428571429,0.0,0.0,100.0,0.0,0.0,22.857142857142854
E0031,18.181818181818183,66.66666666666666,15.151515151515152,0.0,33.33333333333333,66.66666666666666,0.0,0.0,15.151515151515149
E0032,83.6734693877551,16.3265306122449,0.0,0.0,100.0,0.0,0.0,0.0,16.326530612244895
E0033,87.5,12.5,0.0,0.0,100.0,0.0,0.0,0.0,12.5
E0034,0.0,17.391304347826086,69.56521739130434,13.043478260869565,0.0,25.0,50.0,25.0,19.565217391304348
E0035,15.625,71.875,12.5,0.0,0.0,100.0,0.0,0.0,28.125
E0036,9.67741935483871,70.96774193548387,19.35483870967742,0.0,33.33333333333333,33.33333333333333,33.33333333333333,0.0,37.634408602150536
E0037,0.0,14.516129032258066,77.41935483870968,8.064516129032258,0.0,33.33333333333333,0.0,66.66666666666666,77.41935483870967
E0038,0.0,13.88888888888889,63.888888888888886,22.22222222222222,0.0,0.0,100.0,0.0,36.111111111111114
E0039,0.0,19.402985074626866,59.70149253731343,20.8955223880597,0.0,20.0,40.0,40.0,19.70149253731343
E0040,13.725490196078432,68.62745098039215,17.647058823529413,0.0,0.0,66.66666666666666,33.33333333333333,0.0,15.686274509803923
E0041,91.66666666666666,8.333333333333332,0.0,0.0,100.0,0.0,0.0,0.0,8.333333333333337
E0042,11.11111111111111,55.55555555555556,33.33333333333333,0.0,0.0,66.66666666666666,33.33333333333333,0.0,11.111111111111105
E0044,85.1063829787234,14.893617021276595,0.0,0.0,57.14285714285714,42.857142857142854,0.0,0.0,27.96352583586626
E0045,22.22222222222222,48.148148148148145,29.629629629629626,0.0,25.0,25.0,50.0,0.0,23.14814814814815
E0046,0.0,17.441860465116278,72.09302325581395,10.465116279069768,0.0,16.666666666666664,50.0,33.33333333333333,22.86821705426356
E0047,23.28767123287671,68.4931506849315,8.21917808219178,0.0,40.0,60.0,0.0,0.0,16.71232876712329
E0048,26.47058823529412,67.64705882352942,5.88235294117647,0.0,100.0,0.0,0.0,0.0,73.52941176470588
E0049,14.285714285714285,69.04761904761905,16.666666666666664,0.0,0.0,100.0,0.0,0.0,30.95238095238095
E0050,11.76470588235294,64.70588235294117,23.52941176470588,0.0,0.0,75.0,25.0,0.0,11.764705882352944
E0051,80.64516129032258,19.35483870967742,0.0,0.0,60.0,40.0,0.0,0.0,20.645161290322577
E0052,0.0,7.352941176470589,77.94117647058823,14.705882352941178,0.0,20.0,80.0,0.0,14.705882352941178
E0053,11.76470588235294,70.58823529411765,17.647058823529413,0.0,0.0,100.0,0.0,0.0,29.41176470588235
E0054,0.0,12.121212121212121,63.63636363636363,24.242424242424242,0.0,0.0,75.0,25.0,12.121212121212123
E0055,82.35294117647058,17.647058823529413,0.0,0.0,80.0,20.0,0.0,0.0,2.3529411764705834
E0056,0.0,15.789473684210526,60.526315789473685,23.684210526315788,0.0,100.0,0.0,0.0,84.21052631578948
E0058,16.666666666666664,70.0,13.333333333333334,0.0,0.0,100.0,0.0,0.0,30.0
E0059,12.5,75.0,12.5,0.0,0.0,100.0,0.0,0.0,25.0
E0060,0.0,17.94871794871795,69.23076923076923,12.82051282051282,0.0,20.0,80.0,0.0,12.820512820512821
E0061,24.324324324324326,67.56756756756756,8.108108108108109,0.0,50.0,50.0,0.0,0.0,25.675675675675677
E0062,22.5,60.0,17.5,0.0,0.0,66.66666666666666,33.33333333333333,0.0,22.499999999999993
E0063,0.0,19.444444444444446,61.111111111111114,19.444444444444446,0.0,0.0,66.66666666666666,33.33333333333333,19.444444444444436
E0064,0.0,6.8181818181818175,65.9090909090909,27.27272727272727,0.0,40.0,60.0,0.0,33.18181818181818
E0065,5.88235294117647,79.41176470588235,14.705882352941178,0.0,0.0,66.66666666666666,33.33333333333333,0.0,18.627450980392155
E0066,18.421052631578945,55.26315789473685,26.31578947368421,0.0,0.0,0.0,100.0,0.0,73.6842105263158
E0067,18.6046511627907,69.76744186046511,11.627906976744185,0.0,33.33333333333333,66.66666666666666,0.0,0.0,14.728682170542635
E0069,9.090909090909092,78.78787878787878,12.121212121212121,0.0,0.0,100.0,0.0,0.0,21.212121212121218
E0070,0.0,8.823529411764707,73.52941176470588,17.647058823529413,0.0,33.33333333333333,66.66666666666666,0.0,24.509803921568633
E0071,0.0,14.705882352941178,76.47058823529412,8.823529411764707,0.0,0.0,100.0,0.0,23.529411764705884
E0072,18.91891891891892,70.27027027027027,10.81081081081081,0.0,33.33333333333333,66.66666666666666,0.0,0.0,14.414414414414418
E0074,10.526315789473683,68.42105263157895,21.052631578947366,0.0,0.0,66.66666666666666,33.33333333333333,0.0,12.280701754385966
E0075,0.0,17.741935483870968,67.74193548387096,14.516129032258066,0.0,0.0,100.0,0.0,32.25806451612904
E0077,30.0,62.0,8.0,0.0,60.0,20.0,20.0,0.0,42.0
E0078,0.0,13.157894736842104,65.78947368421053,21.052631578947366,0.0,0.0,100.0,0.0,34.210526315789465
E0079,25.0,59.375,15.625,0.0,20.0,60.0,20.0,0.0,5.0
E0080,20.0,67.5,12.5,0.0,0.0,100.0,0.0,0.0,32.5
E0081,88.1578947368421,11.842105263157894,0.0,0.0,75.0,25.0,0.0,0.0,13.1578947368421
E0082,20.0,68.57142857142857,11.428571428571429,0.0,16.666666666666664,83.33333333333334,0.0,0.0,14.76190476190477
E0083,15.789473684210526,68.42105263157895,15.789473684210526,0.0,0.0,100.0,0.0,0.0,31.578947368421055
E0084,13.793103448275861,68.96551724137932,17.24137931034483,0.0,0.0,100.0,0.0,0.0,31.034482758620683
E0086,0.0,17.46031746031746,65.07936507936508,17.46031746031746,0.0,16.666666666666664,83.33333333333334,0.0,18.25396825396826
E0087,77.5,22.5,0.0,0.0,100.0,0.0,0.0,0.0,22.5
E0088,7.317073170731707,78.04878048780488,14.634146341463413,0.0,0.0,100.0,0.0,0.0,21.951219512195124
E0090,18.9873417721519,65.82278481012658,15.18987341772152,0.0,16.666666666666664,83.33333333333334,0.0,0.0,17.51054852320676
E0091,10.81081081081081,62.16216216216216,27.027027027027028,0.0,0.0,66.66666666666666,33.33333333333333,0.0,10.810810810810803
E0092,17.5,67.5,15.0,0.0,0.0,100.0,0.0,0.0,32.5
E0093,89.58333333333334,10.416666666666668,0.0,0.0,100.0,0.0,0.0,0.0,10.416666666666663
E0094,18.75,65.625,15.625,0.0,50.0,50.0,0.0,0.0,31.25
E0095,9.30232558139535,62.7906976744186,27.906976744186046,0.0,50.0,50.0,0.0,0.0,40.69767441860465
E0096,86.11111111111111,13.88888888888889,0.0,0.0,100.0,0.0,0.0,0.0,13.888888888888888
E0097,12.5,65.0,22.5,0.0,0.0,66.66666666666666,33.33333333333333,0.0,12.499999999999993
E0098,20.454545454545457,61.36363636363637,18.181818181818183,0.0,20.0,40.0,40.0,0.0,21.81818181818182
E0100,0.0,24.324324324324326,54.054054054054056,21.62162162162162,0.0,33.33333333333333,33.33333333333333,33.33333333333333,20.72072072072072
E0101,87.5,12.5,0.0,0.0,100.0,0.0,0.0,0.0,12.5
E0102,84.61538461538461,15.384615384615385,0.0,0.0,66.66666666666666,33.33333333333333,0.0,0.0,17.94871794871795
E0104,22.727272727272727,68.18181818181817,9.090909090909092,0.0,50.0,50.0,0.0,0.0,27.27272727272727
E0105,13.953488372093023,72.09302325581395,13.953488372093023,0.0,40.0,60.0,0.0,0.0,26.046511627906973
E0108,0.0,8.955223880597014,82.08955223880598,8.955223880597014,0.0,0.0,71.42857142857143,28.57142857142857,19.61620469083156
E0109,11.904761904761903,52.38095238095239,35.714285714285715,0.0,0.0,75.0,25.0,0.0,22.619047619047617
E0110,21.052631578947366,57.89473684210527,21.052631578947366,0.0,0.0,100.0,0.0,0.0,42.10526315789473
E0111,18.6046511627907,65.11627906976744,16.27906976744186,0.0,0.0,100.0,0.0,0.0,34.883720930232556
E0113,15.789473684210526,71.05263157894737,13.157894736842104,0.0,50.0,50.0,0.0,0.0,34.21052631578947
E0114,17.5,70.0,12.5,0.0,0.0,100.0,0.0,0.0,30.0
E0115,0.0,18.421052631578945,68.42105263157895,13.157894736842104,0.0,33.33333333333333,66.66666666666666,0.0,14.912280701754387
E0116,19.444444444444446,65.27777777777779,15.277777777777779,0.0,16.666666666666664,83.33333333333334,0.0,0.0,18.055555555555557
E0117,17.94871794871795,66.66666666666666,15.384615384615385,0.0,66.66666666666666,33.33333333333333,0.0,0.0,48.717948717948715
E0118,25.0,55.55555555555556,19.444444444444446,0.0,0.0,50.0,50.0,0.0,30.555555555555557
E0119,84.84848484848484,15.151515151515152,0.0,0.0,100.0,0.0,0.0,0.0,15.151515151515154
E0120,85.18518518518519,14.814814814814813,0.0,0.0,100.0,0.0,0.0,0.0,14.814814814814811
E0121,13.953488372093023,65.11627906976744,20.930232558139537,0.0,28.57142857142857,71.42857142857143,0.0,0.0,20.930232558139537
E0122,83.33333333333334,16.666666666666664,0.0,0.0,75.0,25.0,0.0,0.0,8.33333333333334
E0123,10.9375,65.625,23.4375,0.0,16.666666666666664,66.66666666666666,16.666666666666664,0.0,6.770833333333329
E0124,0.0,18.91891891891892,72.97297297297297,8.108108108108109,0.0,0.0,75.0,25.0,18.91891891891892
E0125,0.0,12.903225806451612,70.96774193548387,16.129032258064516,0.0,0.0,66.66666666666666,33.33333333333333,17.20430107526882
E0126,16.666666666666664,72.22222222222221,11.11111111111111,0.0,100.0,0.0,0.0,0.0,83.33333333333333
E0127,8.333333333333332,75.0,16.666666666666664,0.0,25.0,75.0,0.0,0.0,16.666666666666664
E0128,0.0,18.421052631578945,65.78947368421053,15.789473684210526,0.0,0.0,50.0,50.0,34.21052631578948
E0129,0.0,10.256410256410255,76.92307692307693,12.82051282051282,0.0,0.0,83.33333333333334,16.666666666666664,10.256410256410255
E0130,87.87878787878788,12.121212121212121,0.0,0.0,100.0,0.0,0.0,0.0,12.121212121212123
E0131,3.4482758620689653,75.86206896551724,20.689655172413794,0.0,0.0,100.0,0.0,0.0,24.13793103448276
E0132,17.77777777777778,64.44444444444444,17.77777777777778,0.0,37.5,50.0,12.5,0.0,19.72222222222222
E0134,0.0,19.047619047619047,71.42857142857143,9.523809523809524,0.0,25.0,75.0,0.0,9.523809523809522
E0135,83.33333333333334,16.666666666666664,0.0,0.0,71.42857142857143,28.57142857142857,0.0,0.0,11.904761904761909
E0136,0.0,18.75,65.625,15.625,0.0,0.0,66.66666666666666,33.33333333333333,18.749999999999993
E0137,24.65753424657534,61.64383561643836,13.698630136986301,0.0,0.0,0.0,100.0,0.0,86.3013698630137
E0138,0.0,18.0327868852459,62.295081967213115,19.672131147540984,0.0,14.285714285714285,28.57142857142857,57.14285714285714,37.47072599531616
E0139,27.27272727272727,57.57575757575758,15.151515151515152,0.0,100.0,0.0,0.0,0.0,72.72727272727273
E0140,0.0,17.647058823529413,73.52941176470588,8.823529411764707,0.0,0.0,100.0,0.0,26.470588235294116
E0141,86.11111111111111,13.88888888888889,0.0,0.0,50.0,50.0,0.0,0.0,36.111111111111114
E0142,18.91891891891892,62.16216216216216,18.91891891891892,0.0,33.33333333333333,66.66666666666666,0.0,0.0,18.918918918918912
E0144,0.0,24.137931034482758,58.620689655172406,17.24137931034483,0.0,0.0,66.66666666666666,33.33333333333333,24.137931034482754
E0146,0.0,7.6923076923076925,69.23076923076923,23.076923076923077,0.0,0.0,100.0,0.0,30.769230769230774
E0147,0.0,6.25,71.875,21.875,0.0,0.0,70.0,30.0,8.125
E0148,100.0,0.0,0.0,0.0,100.0,0.0,0.0,0.0,0.0
E0149,10.0,77.5,12.5,0.0,0.0,100.0,0.0,0.0,22.5
E0150,76.66666666666667,23.333333333333332,0.0,0.0,100.0,0.0,0.0,0.0,23.33333333333333
E0151,14.634146341463413,64.63414634146342,20.73170731707317,0.0,0.0,66.66666666666666,33.33333333333333,0.0,14.634146341463405
E0152,13.513513513513514,67.56756756756756,18.91891891891892,0.0,0.0,100.0,0.0,0.0,32.432432432432435
E0154,16.3265306122449,63.26530612244898,20.408163265306122,0.0,0.0,100.0,0.0,0.0,36.734693877551024
E0155,74.60317460317461,25.396825396825395,0.0,0.0,50.0,50.0,0.0,0.0,24.603174603174608
E0156,78.78787878787878,21.21212121212121,0.0,0.0,50.0,50.0,0.0,0.0,28.787878787878785
E0157,86.11111111111111,13.88888888888889,0.0,0.0,80.0,20.0,0.0,0.0,6.1111111111111125
E0158,0.0,25.806451612903224,54.83870967741935,19.35483870967742,0.0,33.33333333333333,66.66666666666666,0.0,19.354838709677416
E0159,0.0,11.29032258064516,79.03225806451613,9.67741935483871,0.0,20.0,40.0,40.0,39.03225806451613
E0160,0.0,20.3125,64.0625,15.625,0.0,25.0,75.0,0.0,15.625
E0161,34.285714285714285,57.14285714285714,8.571428571428571,0.0,25.0,50.0,25.0,0.0,16.428571428571427
E0162,13.513513513513514,64.86486486486487,21.62162162162162,0.0,0.0,100.0,0.0,0.0,35.13513513513513
E0163,0.0,0.0,87.5,12.5,0.0,0.0,100.0,0.0,12.5
E0164,15.909090909090908,63.63636363636363,20.454545454545457,0.0,20.0,80.0,0.0,0.0,20.45454545454546
E0165,13.432835820895523,76.11940298507463,10.44776119402985,0.0,37.5,50.0,12.5,0.0,26.11940298507463
E0166,28.205128205128204,64.1025641025641,7.6923076923076925,0.0,0.0,60.0,40.0,0.0,32.30769230769231
E0167,90.9090909090909,9.090909090909092,0.0,0.0,100.0,0.0,0.0,0.0,9.090909090909093
E0168,21.428571428571427,71.42857142857143,7.142857142857142,0.0,0.0,100.0,0.0,0.0,28.57142857142857
E0169,22.22222222222222,61.111111111111114,16.666666666666664,0.0,40.0,60.0,0.0,0.0,17.77777777777778
E0170,19.444444444444446,66.66666666666666,13.88888888888889,0.0,25.0,62.5,12.5,0.0,5.55555555555555
E0171,84.375,15.625,0.0,0.0,75.0,25.0,0.0,0.0,9.375
E0172,15.555555555555555,62.22222222222222,22.22222222222222,0.0,0.0,60.0,40.0,0.0,17.77777777777778
E0174,80.55555555555556,19.444444444444446,0.0,0.0,100.0,0.0,0.0,0.0,19.444444444444443
E0175,26.31578947368421,65.78947368421053,7.894736842105263,0.0,50.0,50.0,0.0,0.0,23.684210526315795
E0176,0.0,10.0,80.0,10.0,0.0,0.0,100.0,0.0,20.0
E0177,76.71232876712328,23.28767123287671,0.0,0.0,100.0,0.0,0.0,0.0,23.287671232876715
E0180,16.176470588235293,66.17647058823529,17.647058823529413,0.0,25.0,50.0,25.0,0.0,16.17647058823529
E0181,15.384615384615385,66.66666666666666,17.94871794871795,0.0,0.0,50.0,50.0,0.0,32.051282051282044
E0182,0.0,19.35483870967742,54.83870967741935,25.806451612903224,0.0,0.0,50.0,50.0,24.193548387096776
E0183,82.08955223880598,17.91044776119403,0.0,0.0,100.0,0.0,0.0,0.0,17.910447761194025
E0184,13.636363636363635,66.66666666666666,19.696969696969695,0.0,20.0,80.0,0.0,0.0,19.696969696969703
E0185,18.181818181818183,69.6969696969697,12.121212121212121,0.0,0.0,100.0,0.0,0.0,30.303030303030305
E0186,80.0,20.0,0.0,0.0,100.0,0.0,0.0,0.0,20.0
E0187,23.809523809523807,63.49206349206349,12.698412698412698,0.0,16.666666666666664,50.0,33.33333333333333,0.0,20.634920634920633
E0188,33.33333333333333,50.0,16.666666666666664,0.0,0.0,100.0,0.0,0.0,50.0
E0189,21.62162162162162,56.75675675675676,21.62162162162162,0.0,100.0,0.0,0.0,0.0,78.37837837837839
E0190,84.61538461538461,15.384615384615385,0.0,0.0,66.66666666666666,33.33333333333333,0.0,0.0,17.94871794871795
E0191,22.22222222222222,62.96296296296296,14.814814814814813,0.0,0.0,50.0,50.0,0.0,35.18518518518519
E0192,13.513513513513514,72.97297297297297,13.513513513513514,0.0,0.0,100.0,0.0,0.0,27.02702702702703
E0193,0.0,7.894736842105263,81.57894736842105,10.526315789473683,0.0,0.0,100.0,0.0,18.421052631578945
E0194,86.76470588235294,13.23529411764706,0.0,0.0,50.0,50.0,0.0,0.0,36.76470588235294
E0195,27.27272727272727,45.45454545454545,27.27272727272727,0.0,50.0,0.0,50.0,0.0,45.45454545454546
E0196,11.11111111111111,75.55555555555556,13.333333333333334,0.0,0.0,50.0,50.0,0.0,36.66666666666667
E0197,19.047619047619047,55.55555555555556,25.396825396825395,0.0,12.5,75.0,12.5,0.0,19.444444444444443
E0198,14.285714285714285,71.42857142857143,14.285714285714285,0.0,14.285714285714285,71.42857142857143,14.285714285714285,0.0,0.0
E0199,21.153846153846153,57.692307692307686,21.153846153846153,0.0,22.22222222222222,55.55555555555556,22.22222222222222,0.0,2.1367521367521327
E0200,0.0,8.333333333333332,72.22222222222221,19.444444444444446,0.0,50.0,50.0,0.0,41.666666666666664
E0201,0.0,13.513513513513514,67.56756756756756,18.91891891891892,0.0,0.0,50.0,50.0,31.08108108108108
E0202,19.672131147540984,73.77049180327869,6.557377049180328,0.0,0.0,100.0,0.0,0.0,26.229508196721312
E0203,14.285714285714285,75.0,10.714285714285714,0.0,0.0,100.0,0.0,0.0,25.0
E0205,0.0,25.37313432835821,56.71641791044776,17.91044776119403,0.0,0.0,66.66666666666666,33.33333333333333,25.3731343283582
E0206,0.0,12.280701754385964,73.68421052631578,14.035087719298245,0.0,25.0,75.0,0.0,14.03508771929825
E0207,20.0,67.27272727272727,12.727272727272727,0.0,16.666666666666664,50.0,33.33333333333333,0.0,20.606060606060602
E0208,79.1044776119403,20.8955223880597,0.0,0.0,57.14285714285714,42.857142857142854,0.0,0.0,21.961620469083158
E0209,17.142857142857142,62.857142857142854,20.0,0.0,0.0,66.66666666666666,33.33333333333333,0.0,17.14285714285714
E0210,7.142857142857142,73.80952380952381,19.047619047619047,0.0,0.0,80.0,20.0,0.0,7.142857142857142
E0211,9.375,62.5,28.125,0.0,0.0,100.0,0.0,0.0,37.5
E0212,22.22222222222222,66.66666666666666,11.11111111111111,0.0,0.0,100.0,0.0,0.0,33.333333333333336
E0213,0.0,7.6923076923076925,69.23076923076923,23.076923076923077,0.0,0.0,75.0,25.0,7.692307692307695
E0214,22.0,56.00000000000001,22.0,0.0,0.0,100.0,0.0,0.0,44.0
E0215,0.0,13.043478260869565,76.08695652173914,10.869565217391305,0.0,0.0,100.0,0.0,23.913043478260864
E0216,17.647058823529413,58.82352941176471,23.52941176470588,0.0,20.0,80.0,0.0,0.0,23.529411764705877
E0217,30.76923076923077,46.15384615384615,23.076923076923077,0.0,50.0,50.0,0.0,0.0,23.076923076923077
E0218,9.75609756097561,70.73170731707317,19.51219512195122,0.0,0.0,100.0,0.0,0.0,29.268292682926827
E0219,0.0,18.91891891891892,70.27027027027027,10.81081081081081,0.0,0.0,100.0,0.0,29.729729729729726
E0220,94.11764705882352,5.88235294117647,0.0,0.0,87.5,12.5,0.0,0.0,6.617647058823525
E0221,81.70731707317073,18.29268292682927,0.0,0.0,66.66666666666666,33.33333333333333,0.0,0.0,15.040650406504065
E0222,0.0,11.363636363636363,68.18181818181817,20.454545454545457,0.0,50.0,50.0,0.0,38.63636363636363
E0223,75.0,25.0,0.0,0.0,0.0,100.0,0.0,0.0,75.0
E0224,22.22222222222222,44.44444444444444,33.33333333333333,0.0,0.0,0.0,100.0,0.0,66.66666666666666
E0225,13.333333333333334,71.11111111111111,15.555555555555555,0.0,0.0,75.0,25.0,0.0,13.333333333333332
E0226,11.76470588235294,72.05882352941177,16.176470588235293,0.0,11.11111111111111,66.66666666666666,22.22222222222222,0.0,6.045751633986934
E0228,15.0,75.0,10.0,0.0,0.0,100.0,0.0,0.0,25.0
E0230,32.25806451612903,58.06451612903226,9.67741935483871,0.0,0.0,100.0,0.0,0.0,41.93548387096774
E0231,20.27027027027027,64.86486486486487,14.864864864864865,0.0,33.33333333333333,66.66666666666666,0.0,0.0,14.864864864864856
E0232,85.36585365853658,14.634146341463413,0.0,0.0,100.0,0.0,0.0,0.0,14.634146341463417
E0233,16.25,72.5,11.25,0.0,37.5,37.5,25.0,0.0,35.0
E0235,12.5,62.5,25.0,0.0,0.0,100.0,0.0,0.0,37.5
E0236,14.285714285714285,60.0,25.71428571428571,0.0,0.0,0.0,100.0,0.0,74.28571428571428
E0237,93.87755102040816,6.122448979591836,0.0,0.0,66.66666666666666,33.33333333333333,0.0,0.0,27.2108843537415
E0239,18.666666666666668,65.33333333333333,16.0,0.0,0.0,0.0,100.0,0.0,84.0
E0240,0.0,23.52941176470588,67.64705882352942,8.823529411764707,0.0,0.0,100.0,0.0,32.35294117647059
E0243,68.88888888888889,31.11111111111111,0.0,0.0,40.0,60.0,0.0,0.0,28.888888888888886
E0244,12.5,70.0,17.5,0.0,0.0,100.0,0.0,0.0,30.0
E0245,0.0,12.5,71.875,15.625,0.0,25.0,25.0,50.0,46.875
E0246,16.216216216216218,62.16216216216216,21.62162162162162,0.0,0.0,75.0,25.0,0.0,16.216216216216218
E0247,85.71428571428571,14.285714285714285,0.0,0.0,100.0,0.0,0.0,0.0,14.285714285714288
E0248,17.105263157894736,64.47368421052632,18.421052631578945,0.0,16.666666666666664,83.33333333333334,0.0,0.0,18.85964912280702
E0249,0.0,16.216216216216218,56.75675675675676,27.027027027027028,0.0,40.0,20.0,40.0,36.75675675675676
E0250,0.0,13.88888888888889,77.77777777777779,8.333333333333332,0.0,14.285714285714285,85.71428571428571,0.0,8.333333333333325
E0251,82.85714285714286,17.142857142857142,0.0,0.0,0.0,100.0,0.0,0.0,82.85714285714286
E0252,28.000000000000004,52.0,20.0,0.0,0.0,50.0,50.0,0.0,30.0
E0254,21.428571428571427,75.0,3.571428571428571,0.0,0.0,100.0,0.0,0.0,25.0
E0255,0.0,14.285714285714285,65.71428571428571,20.0,0.0,40.0,40.0,20.0,25.71428571428571
E0256,18.91891891891892,64.86486486486487,16.216216216216218,0.0,28.57142857142857,71.42857142857143,0.0,0.0,16.216216216216214
E0257,20.454545454545457,52.27272727272727,27.27272727272727,0.0,25.0,25.0,50.0,0.0,27.272727272727273
E0258,80.55555555555556,19.444444444444446,0.0,0.0,66.66666666666666,33.33333333333333,0.0,0.0,13.888888888888891
E0259,0.0,6.0606060606060606,69.6969696969697,24.242424242424242,0.0,0.0,66.66666666666666,33.33333333333333,9.090909090909097
E0260,0.0,21.875,50.0,28.125,0.0,40.0,40.0,20.0,18.125
E0261,13.157894736842104,71.05263157894737,15.789473684210526,0.0,0.0,66.66666666666666,33.33333333333333,0.0,17.54385964912281
E0262,0.0,16.666666666666664,72.91666666666666,10.416666666666668,0.0,16.666666666666664,83.33333333333334,0.0,10.416666666666677
E0263,91.17647058823529,8.823529411764707,0.0,0.0,100.0,0.0,0.0,0.0,8.823529411764708
E0264,25.0,62.5,12.5,0.0,0.0,100.0,0.0,0.0,37.5
E0266,92.6829268292683,7.317073170731707,0.0,0.0,100.0,0.0,0.0,0.0,7.317073170731705
E0267,13.793103448275861,65.51724137931035,20.689655172413794,0.0,12.5,87.5,0.0,0.0,21.98275862068965
E0268,0.0,21.875,62.5,15.625,0.0,0.0,100.0,0.0,37.5
E0269,84.05797101449275,15.942028985507244,0.0,0.0,62.5,37.5,0.0,0.0,21.557971014492754
E0270,17.94871794871795,61.53846153846154,20.51282051282051,0.0,33.33333333333333,33.33333333333333,33.33333333333333,0.0,28.205128205128204
E0272,22.857142857142858,57.14285714285714,20.0,0.0,0.0,80.0,20.0,0.0,22.85714285714286
E0273,0.0,35.0,50.0,15.0,0.0,25.0,75.0,0.0,25.0
E0274,22.58064516129032,74.19354838709677,3.225806451612903,0.0,25.0,50.0,25.0,0.0,24.193548387096772
E0275,33.33333333333333,66.66666666666666,0.0,0.0,0.0,100.0,0.0,0.0,33.333333333333336
E0276,0.0,8.333333333333332,69.44444444444444,22.22222222222222,0.0,33.33333333333333,33.33333333333333,33.33333333333333,36.111111111111114
E0277,70.96774193548387,29.03225806451613,0.0,0.0,50.0,50.0,0.0,0.0,20.967741935483872
E0278,26.190476190476193,57.14285714285714,16.666666666666664,0.0,0.0,66.66666666666666,33.33333333333333,0.0,26.190476190476186
E0279,12.698412698412698,69.84126984126983,17.46031746031746,0.0,20.0,60.0,20.0,0.0,9.84126984126984
E0282,0.0,14.634146341463413,75.60975609756098,9.75609756097561,0.0,0.0,100.0,0.0,24.390243902439025
E0283,15.789473684210526,68.42105263157895,15.789473684210526,0.0,40.0,60.0,0.0,0.0,24.210526315789473
E0284,0.0,22.22222222222222,61.111111111111114,16.666666666666664,0.0,0.0,0.0,100.0,83.33333333333334
E0285,84.375,15.625,0.0,0.0,100.0,0.0,0.0,0.0,15.625
E0287,12.82051282051282,76.92307692307693,10.256410256410255,0.0,0.0,100.0,0.0,0.0,23.07692307692307
E0288,13.513513513513514,68.91891891891892,17.56756756756757,0.0,0.0,85.71428571428571,14.285714285714285,0.0,16.795366795366796
E0289,30.303030303030305,57.57575757575758,12.121212121212121,0.0,25.0,75.0,0.0,0.0,17.424242424242422
E0290,7.142857142857142,71.42857142857143,21.428571428571427,0.0,0.0,100.0,0.0,0.0,28.57142857142857
E0291,0.0,18.181818181818183,61.36363636363637,20.454545454545457,0.0,20.0,60.0,20.0,1.8181818181818201
E0292,9.090909090909092,84.0909090909091,6.8181818181818175,0.0,33.33333333333333,66.66666666666666,0.0,0.0,24.242424242424246
E0293,18.181818181818183,69.6969696969697,12.121212121212121,0.0,20.0,80.0,0.0,0.0,12.121212121212118
E0294,84.21052631578947,15.789473684210526,0.0,0.0,100.0,0.0,0.0,0.0,15.789473684210531
E0295,80.64516129032258,19.35483870967742,0.0,0.0,50.0,50.0,0.0,0.0,30.645161290322577
E0296,27.27272727272727,72.72727272727273,0.0,0.0,100.0,0.0,0.0,0.0,72.72727272727273
E0297,10.0,50.0,40.0,0.0,100.0,0.0,0.0,0.0,90.0
E0298,0.0,18.91891891891892,59.45945945945946,21.62162162162162,0.0,16.666666666666664,66.66666666666666,16.666666666666664,7.207207207207205
E0299,76.66666666666667,23.333333333333332,0.0,0.0,100.0,0.0,0.0,0.0,23.33333333333333
E0300,84.26966292134831,15.730337078651685,0.0,0.0,80.0,20.0,0.0,0.0,4.269662921348314
E0301,11.904761904761903,73.80952380952381,14.285714285714285,0.0,40.0,20.0,40.0,0.0,53.80952380952381
E0302,14.000000000000002,68.0,18.0,0.0,25.0,25.0,50.0,0.0,43.0
E0303,82.05128205128204,17.94871794871795,0.0,0.0,50.0,50.0,0.0,0.0,32.051282051282044
E0304,18.75,67.5,13.750000000000002,0.0,0.0,100.0,0.0,0.0,32.5
E0305,76.92307692307693,23.076923076923077,0.0,0.0,66.66666666666666,33.33333333333333,0.0,0.0,10.256410256410264
E0306,17.24137931034483,68.96551724137932,13.793103448275861,0.0,100.0,0.0,0.0,0.0,82.75862068965517
E0307,12.82051282051282,71.7948717948718,15.384615384615385,0.0,25.0,50.0,25.0,0.0,21.794871794871796
E0308,89.65517241379311,10.344827586206897,0.0,0.0,100.0,0.0,0.0,0.0,10.344827586206893
E0309,22.413793103448278,60.3448275862069,17.24137931034483,0.0,28.57142857142857,57.14285714285714,14.285714285714285,0.0,6.157635467980297
E0310,0.0,10.256410256410255,66.66666666666666,23.076923076923077,0.0,0.0,100.0,0.0,33.333333333333336
E0311,20.588235294117645,67.64705882352942,11.76470588235294,0.0,20.0,60.0,20.0,0.0,8.235294117647062
E0312,0.0,13.846153846153847,80.0,6.153846153846154,0.0,20.0,80.0,0.0,6.153846153846153
E0313,81.25,18.75,0.0,0.0,83.33333333333334,16.666666666666664,0.0,0.0,2.0833333333333393
E0314,0.0,27.27272727272727,63.63636363636363,9.090909090909092,0.0,20.0,80.0,0.0,16.363636363636363
E0315,21.428571428571427,61.904761904761905,16.666666666666664,0.0,0.0,0.0,100.0,0.0,83.33333333333334
E0316,22.5,62.5,15.0,0.0,16.666666666666664,50.0,33.33333333333333,0.0,18.333333333333332
E0317,22.22222222222222,63.888888888888886,13.88888888888889,0.0,66.66666666666666,33.33333333333333,0.0,0.0,44.44444444444444
E0318,0.0,11.428571428571429,65.71428571428571,22.857142857142858,0.0,0.0,77.77777777777779,22.22222222222222,12.063492063492072
E0319,25.0,75.0,0.0,0.0,50.0,50.0,0.0,0.0,25.0
E0320,84.21052631578947,15.789473684210526,0.0,0.0,66.66666666666666,33.33333333333333,0.0,0.0,17.543859649122805
E0321,76.19047619047619,23.809523809523807,0.0,0.0,25.0,75.0,0.0,0.0,51.19047619047619
E0322,0.0,24.137931034482758,56.896551724137936,18.96551724137931,0.0,50.0,50.0,0.0,25.862068965517242
E0323,16.666666666666664,72.22222222222221,11.11111111111111,0.0,0.0,100.0,0.0,0.0,27.77777777777778
E0324,0.0,17.307692307692307,65.38461538461539,17.307692307692307,0.0,20.0,60.0,20.0,5.384615384615387
E0326,12.121212121212121,66.66666666666666,21.21212121212121,0.0,0.0,100.0,0.0,0.0,33.33333333333334
E0327,80.0,20.0,0.0,0.0,100.0,0.0,0.0,0.0,20.0
E0328,0.0,20.51282051282051,66.66666666666666,12.82051282051282,0.0,0.0,33.33333333333333,66.66666666666666,53.84615384615384
E0329,18.367346938775512,63.26530612244898,18.367346938775512,0.0,20.0,60.0,20.0,0.0,3.2653061224489797
E0330,0.0,11.11111111111111,72.22222222222221,16.666666666666664,0.0,0.0,66.66666666666666,33.33333333333333,16.666666666666664
E0331,5.0,60.0,35.0,0.0,0.0,0.0,100.0,0.0,65.0
E0332,16.27906976744186,69.76744186046511,13.953488372093023,0.0,40.0,40.0,20.0,0.0,29.767441860465112
E0333,42.857142857142854,42.857142857142854,14.285714285714285,0.0,0.0,0.0,100.0,0.0,85.71428571428572
E0334,19.718309859154928,69.01408450704226,11.267605633802818,0.0,100.0,0.0,0.0,0.0,80.28169014084507
E0335,0.0,14.285714285714285,75.51020408163265,10.204081632653061,0.0,0.0,50.0,50.0,39.79591836734694
E0336,0.0,19.047619047619047,57.14285714285714,23.809523809523807,0.0,33.33333333333333,66.66666666666666,0.0,23.809523809523803
E0337,0.0,17.5,67.5,15.0,0.0,66.66666666666666,33.33333333333333,0.0,49.166666666666664
E0338,19.444444444444446,69.44444444444444,11.11111111111111,0.0,16.666666666666664,66.66666666666666,16.666666666666664,0.0,5.555555555555561
E0339,11.11111111111111,72.22222222222221,16.666666666666664,0.0,0.0,100.0,0.0,0.0,27.777777777777782
E0340,24.65753424657534,54.794520547945204,20.54794520547945,0.0,50.0,25.0,25.0,0.0,29.794520547945204
E0341,0.0,17.073170731707318,60.97560975609756,21.951219512195124,0.0,0.0,100.0,0.0,39.02439024390244
E0343,17.073170731707318,65.85365853658537,17.073170731707318,0.0,42.857142857142854,57.14285714285714,0.0,0.0,25.783972125435547
E0344,18.91891891891892,70.27027027027027,10.81081081081081,0.0,0.0,100.0,0.0,0.0,29.729729729729726
E0346,0.0,19.35483870967742,61.29032258064516,19.35483870967742,0.0,0.0,100.0,0.0,38.70967741935484
E0347,12.82051282051282,69.23076923076923,17.94871794871795,0.0,40.0,40.0,20.0,0.0,29.23076923076923
E0348,0.0,76.92307692307693,23.076923076923077,0.0,0.0,75.0,25.0,0.0,1.9230769230769287
E0349,84.61538461538461,15.384615384615385,0.0,0.0,100.0,0.0,0.0,0.0,15.384615384615387
E0350,25.0,50.0,25.0,0.0,0.0,100.0,0.0,0.0,50.0
E0351,11.666666666666666,73.33333333333333,15.0,0.0,0.0,100.0,0.0,0.0,26.666666666666668
E0352,33.33333333333333,56.666666666666664,10.0,0.0,100.0,0.0,0.0,0.0,66.66666666666667
E0353,0.0,11.627906976744185,72.09302325581395,16.27906976744186,0.0,0.0,100.0,0.0,27.90697674418605
E0354,0.0,13.636363636363635,72.72727272727273,13.636363636363635,0.0,25.0,75.0,0.0,13.636363636363633
E0355,81.57894736842105,18.421052631578945,0.0,0.0,75.0,25.0,0.0,0.0,6.578947368421055
E0356,21.518987341772153,70.88607594936708,7.59493670886076,0.0,40.0,60.0,0.0,0.0,18.481012658227844
E0357,0.0,11.11111111111111,69.44444444444444,19.444444444444446,0.0,0.0,50.0,50.0,30.555555555555554
E0358,77.41935483870968,22.58064516129032,0.0,0.0,50.0,50.0,0.0,0.0,27.41935483870968
E0359,79.3103448275862,20.689655172413794,0.0,0.0,80.0,20.0,0.0,0.0,0.6896551724137936
E0360,50.0,50.0,0.0,0.0,0.0,100.0,0.0,0.0,50.0
E0361,18.6046511627907,65.11627906976744,16.27906976744186,0.0,50.0,50.0,0.0,0.0,31.3953488372093
E0362,94.11764705882352,5.88235294117647,0.0,0.0,100.0,0.0,0.0,0.0,5.882352941176475
E0363,0.0,19.51219512195122,75.60975609756098,4.878048780487805,0.0,33.33333333333333,66.66666666666666,0.0,13.821138211382117
E0364,16.666666666666664,63.33333333333333,20.0,0.0,0.0,50.0,50.0,0.0,29.999999999999996
E0366,13.157894736842104,60.526315789473685,26.31578947368421,0.0,0.0,60.0,40.0,0.0,13.684210526315791
E0367,10.869565217391305,67.3913043478261,21.73913043478261,0.0,0.0,0.0,100.0,0.0,78.2608695652174
E0368,6.976744186046512,67.44186046511628,25.581395348837212,0.0,0.0,50.0,50.0,0.0,24.418604651162788
E0369,0.0,15.625,53.125,31.25,0.0,25.0,75.0,0.0,31.25
E0370,0.0,20.8955223880597,65.67164179104478,13.432835820895523,0.0,40.0,40.0,20.0,25.671641791044777
E0371,14.754098360655737,72.1311475409836,13.114754098360656,0.0,40.0,60.0,0.0,0.0,25.24590163934426
E0372,0.0,15.789473684210526,78.94736842105263,5.263157894736842,0.0,25.0,75.0,0.0,9.210526315789473
E0373,0.0,10.344827586206897,82.75862068965517,6.896551724137931,0.0,0.0,100.0,0.0,17.241379310344826
E0374,0.0,18.6046511627907,65.11627906976744,16.27906976744186,0.0,0.0,33.33333333333333,66.66666666666666,50.3875968992248
E0375,100.0,0.0,0.0,0.0,100.0,0.0,0.0,0.0,0.0
E0378,26.666666666666668,51.11111111111111,22.22222222222222,0.0,66.66666666666666,0.0,33.33333333333333,0.0,51.1111111111111
E0379,16.666666666666664,65.0,18.333333333333332,0.0,0.0,66.66666666666666,33.33333333333333,0.0,16.666666666666657
E0380,16.216216216216218,67.56756756756756,16.216216216216218,0.0,66.66666666666666,33.33333333333333,0.0,0.0,50.45045045045045
E0381,0.0,25.0,75.0,0.0,0.0,100.0,0.0,0.0,75.0
E0382,0.0,10.256410256410255,69.23076923076923,20.51282051282051,0.0,0.0,100.0,0.0,30.76923076923077
E0383,0.0,20.0,65.71428571428571,14.285714285714285,0.0,33.33333333333333,66.66666666666666,0.0,14.285714285714281
E0384,14.705882352941178,58.82352941176471,26.47058823529412,0.0,0.0,100.0,0.0,0.0,41.17647058823529
E0385,15.625,75.0,9.375,0.0,66.66666666666666,33.33333333333333,0.0,0.0,51.041666666666664
E0386,12.82051282051282,66.66666666666666,20.51282051282051,0.0,0.0,100.0,0.0,0.0,33.333333333333336
E0387,79.66101694915254,20.33898305084746,0.0,0.0,91.66666666666666,8.333333333333332,0.0,0.0,12.005649717514123
E0388,86.48648648648648,13.513513513513514,0.0,0.0,100.0,0.0,0.0,0.0,13.513513513513516
E0389,16.417910447761194,65.67164179104478,17.91044776119403,0.0,11.11111111111111,77.77777777777779,11.11111111111111,0.0,12.106135986733005
E0391,0.0,15.384615384615385,66.66666666666666,17.94871794871795,0.0,0.0,100.0,0.0,33.33333333333334
E0392,90.2439024390244,9.75609756097561,0.0,0.0,100.0,0.0,0.0,0.0,9.756097560975608
E0393,19.35483870967742,64.51612903225806,16.129032258064516,0.0,0.0,100.0,0.0,0.0,35.483870967741936
E0394,15.853658536585366,62.19512195121951,21.951219512195124,0.0,11.11111111111111,66.66666666666666,22.22222222222222,0.0,4.742547425474249
E0395,10.526315789473683,81.57894736842105,7.894736842105263,0.0,0.0,83.33333333333334,16.666666666666664,0.0,10.526315789473685
E0396,23.25581395348837,58.139534883720934,18.6046511627907,0.0,14.285714285714285,71.42857142857143,14.285714285714285,0.0,13.289036544850498
E0397,20.689655172413794,65.51724137931035,13.793103448275861,0.0,20.0,60.0,20.0,0.0,6.206896551724141
E0398,18.75,62.5,18.75,0.0,14.285714285714285,71.42857142857143,14.285714285714285,0.0,8.92857142857143
E0399,0.0,92.85714285714286,7.142857142857142,0.0,0.0,100.0,0.0,0.0,7.142857142857141
E0400,85.33333333333334,14.666666666666666,0.0,0.0,75.0,25.0,0.0,0.0,10.33333333333334
E0401,81.81818181818183,18.181818181818183,0.0,0.0,66.66666666666666,33.33333333333333,0.0,0.0,15.151515151515158
E0402,17.142857142857142,62.857142857142854,20.0,0.0,0.0,100.0,0.0,0.0,37.142857142857146
E0403,0.0,12.903225806451612,67.74193548387096,19.35483870967742,0.0,50.0,50.0,0.0,37.096774193548384
E0404,14.705882352941178,64.70588235294117,20.588235294117645,0.0,0.0,75.0,25.0,0.0,14.70588235294118
E0405,13.513513513513514,67.56756756756756,18.91891891891892,0.0,0.0,100.0,0.0,0.0,32.432432432432435
E0406,12.76595744680851,68.08510638297872,19.148936170212767,0.0,25.0,50.0,25.0,0.0,18.085106382978722
E0407,0.0,16.0,76.0,8.0,0.0,0.0,100.0,0.0,24.0
E0408,0.0,18.75,68.75,12.5,0.0,50.0,0.0,50.0,68.75
E0409,14.0625,71.875,14.0625,0.0,16.666666666666664,66.66666666666666,16.666666666666664,0.0,5.208333333333336
E0411,0.0,10.344827586206897,72.41379310344827,17.24137931034483,0.0,0.0,100.0,0.0,27.58620689655173
E0412,10.95890410958904,60.273972602739725,28.767123287671232,0.0,14.285714285714285,71.42857142857143,14.285714285714285,0.0,14.481409001956948
E0413,14.634146341463413,60.97560975609756,24.390243902439025,0.0,0.0,100.0,0.0,0.0,39.02439024390244
E0414,88.75,11.25,0.0,0.0,85.71428571428571,14.285714285714285,0.0,0.0,3.0357142857142883
E0415,0.0,13.043478260869565,63.04347826086957,23.91304347826087,0.0,12.5,62.5,25.0,1.0869565217391317
E0416,0.0,14.893617021276595,68.08510638297872,17.02127659574468,0.0,33.33333333333333,66.66666666666666,0.0,18.43971631205674
E0417,82.43243243243244,17.56756756756757,0.0,0.0,100.0,0.0,0.0,0.0,17.567567567567565
E0418,18.0327868852459,57.377049180327866,24.59016393442623,0.0,50.0,0.0,50.0,0.0,57.377049180327866
E0419,17.72151898734177,62.0253164556962,20.253164556962027,0.0,0.0,75.0,25.0,0.0,17.721518987341774
E0420,90.0,10.0,0.0,0.0,83.33333333333334,16.666666666666664,0.0,0.0,6.666666666666661
E0421,0.0,17.142857142857142,68.57142857142857,14.285714285714285,0.0,50.0,50.0,0.0,32.85714285714286
E0422,22.5,62.5,15.0,0.0,50.0,0.0,50.0,0.0,62.5
E0423,84.84848484848484,15.151515151515152,0.0,0.0,100.0,0.0,0.0,0.0,15.151515151515154
E0425,20.454545454545457,59.09090909090909,20.454545454545457,0.0,0.0,50.0,50.0,0.0,29.545454545454547
E0427,16.216216216216218,78.37837837837837,5.405405405405405,0.0,50.0,50.0,0.0,0.0,33.78378378378378
E0428,28.57142857142857,57.14285714285714,14.285714285714285,0.0,100.0,0.0,0.0,0.0,71.42857142857142
E0429,89.47368421052632,10.526315789473683,0.0,0.0,100.0,0.0,0.0,0.0,10.526315789473685
E0430,88.88888888888889,11.11111111111111,0.0,0.0,100.0,0.0,0.0,0.0,11.111111111111112
E0431,17.80821917808219,65.75342465753424,16.43835616438356,0.0,0.0,100.0,0.0,0.0,34.24657534246575
E0432,13.432835820895523,67.16417910447761,19.402985074626866,0.0,25.0,50.0,25.0,0.0,17.16417910447761
E0433,0.0,19.480519480519483,68.83116883116884,11.688311688311687,0.0,25.0,75.0,0.0,11.688311688311682
E0434,0.0,18.333333333333332,61.66666666666667,20.0,0.0,16.666666666666664,50.0,33.33333333333333,13.333333333333334
E0435,0.0,21.21212121212121,63.63636363636363,15.151515151515152,0.0,0.0,80.0,20.0,21.21212121212121
E0436,15.909090909090908,68.18181818181817,15.909090909090908,0.0,0.0,50.0,50.0,0.0,34.090909090909086
E0437,0.0,19.444444444444446,66.66666666666666,13.88888888888889,0.0,0.0,100.0,0.0,33.333333333333336
E0438,11.76470588235294,82.35294117647058,5.88235294117647,0.0,20.0,80.0,0.0,0.0,8.235294117647054
E0440,72.72727272727273,27.27272727272727,0.0,0.0,100.0,0.0,0.0,0.0,27.272727272727266
E0441,76.66666666666667,23.333333333333332,0.0,0.0,100.0,0.0,0.0,0.0,23.33333333333333
E0442,17.857142857142858,58.92857142857143,23.214285714285715,0.0,33.33333333333333,66.66666666666666,0.0,0.0,23.214285714285708
E0443,40.0,60.0,0.0,0.0,0.0,100.0,0.0,0.0,40.0
E0444,11.627906976744185,67.44186046511628,20.930232558139537,0.0,0.0,100.0,0.0,0.0,32.55813953488372
E0445,24.489795918367346,63.26530612244898,12.244897959183673,0.0,0.0,100.0,0.0,0.0,36.73469387755102
E0446,0.0,88.88888888888889,11.11111111111111,0.0,0.0,100.0,0.0,0.0,11.111111111111112
E0447,20.689655172413794,68.96551724137932,10.344827586206897,0.0,0.0,0.0,100.0,0.0,89.65517241379311
E0448,14.285714285714285,67.3469387755102,18.367346938775512,0.0,50.0,50.0,0.0,0.0,35.71428571428571
E0452,10.0,70.0,20.0,0.0,0.0,100.0,0.0,0.0,30.0
E0453,24.324324324324326,59.45945945945946,16.216216216216218,0.0,50.0,0.0,50.0,0.0,59.45945945945945
E0455,10.714285714285714,76.78571428571429,12.5,0.0,0.0,83.33333333333334,16.666666666666664,0.0,10.714285714285715
E0456,17.857142857142858,67.85714285714286,14.285714285714285,0.0,50.0,50.0,0.0,0.0,32.14285714285714
E0457,89.55223880597015,10.44776119402985,0.0,0.0,75.0,25.0,0.0,0.0,14.552238805970148
E0458,20.0,71.42857142857143,8.571428571428571,0.0,66.66666666666666,33.33333333333333,0.0,0.0,46.666666666666664
E0459,7.142857142857142,82.14285714285714,10.714285714285714,0.0,33.33333333333333,66.66666666666666,0.0,0.0,26.190476190476193
E0460,0.0,11.627906976744185,81.3953488372093,6.976744186046512,0.0,0.0,100.0,0.0,18.6046511627907
E0461,20.0,57.14285714285714,22.857142857142858,0.0,0.0,75.0,25.0,0.0,20.0
E0463,0.0,20.0,66.66666666666666,13.333333333333334,0.0,10.0,60.0,30.0,16.66666666666666
E0464,0.0,11.11111111111111,61.111111111111114,27.77777777777778,0.0,0.0,100.0,0.0,38.888888888888886
E0465,12.698412698412698,76.19047619047619,11.11111111111111,0.0,0.0,87.5,12.5,0.0,12.698412698412698
E0466,11.428571428571429,68.57142857142857,20.0,0.0,0.0,33.33333333333333,66.66666666666666,0.0,46.666666666666664
E0467,10.526315789473683,68.42105263157895,21.052631578947366,0.0,0.0,33.33333333333333,66.66666666666666,0.0,45.614035087719294
E0468,0.0,33.33333333333333,48.717948717948715,17.94871794871795,0.0,25.0,75.0,0.0,26.28205128205128
E0469,78.33333333333333,21.666666666666668,0.0,0.0,80.0,20.0,0.0,0.0,1.6666666666666696
E0470,0.0,16.666666666666664,72.22222222222221,11.11111111111111,0.0,0.0,100.0,0.0,27.77777777777778
E0471,13.846153846153847,64.61538461538461,21.53846153846154,0.0,0.0,60.0,40.0,0.0,18.46153846153846
E0472,18.181818181818183,72.72727272727273,9.090909090909092,0.0,0.0,100.0,0.0,0.0,27.272727272727273
E0473,87.87878787878788,12.121212121212121,0.0,0.0,81.81818181818183,18.181818181818183,0.0,0.0,6.060606060606055
E0474,15.217391304347828,71.73913043478261,13.043478260869565,0.0,0.0,100.0,0.0,0.0,28.26086956521739
E0475,21.21212121212121,60.60606060606061,18.181818181818183,0.0,25.0,50.0,25.0,0.0,10.606060606060607
E0477,9.75609756097561,68.29268292682927,21.951219512195124,0.0,0.0,0.0,100.0,0.0,78.04878048780488
E0478,0.0,0.0,100.0,0.0,0.0,0.0,100.0,0.0,0.0
E0479,13.043478260869565,71.73913043478261,15.217391304347828,0.0,0.0,100.0,0.0,0.0,28.26086956521739
E0481,82.85714285714286,17.142857142857142,0.0,0.0,83.33333333333334,16.666666666666664,0.0,0.0,0.47619047619047983
E0482,0.0,63.63636363636363,36.36363636363637,0.0,0.0,100.0,0.0,0.0,36.36363636363637
E0483,90.9090909090909,9.090909090909092,0.0,0.0,66.66666666666666,33.33333333333333,0.0,0.0,24.242424242424242
E0484,19.27710843373494,61.44578313253012,19.27710843373494,0.0,50.0,25.0,25.0,0.0,36.44578313253012
E0485,0.0,12.82051282051282,71.7948717948718,15.384615384615385,0.0,0.0,100.0,0.0,28.205128205128204
E0486,20.0,57.14285714285714,22.857142857142858,0.0,40.0,60.0,0.0,0.0,22.85714285714286
E0487,83.07692307692308,16.923076923076923,0.0,0.0,100.0,0.0,0.0,0.0,16.92307692307692
E0488,42.857142857142854,57.14285714285714,0.0,0.0,100.0,0.0,0.0,0.0,57.14285714285714
E0490,22.727272727272727,66.66666666666666,10.606060606060606,0.0,11.11111111111111,66.66666666666666,22.22222222222222,0.0,11.616161616161616
E0491,0.0,8.823529411764707,73.52941176470588,17.647058823529413,0.0,0.0,66.66666666666666,33.33333333333333,15.686274509803924
E0492,0.0,17.142857142857142,60.0,22.857142857142858,0.0,20.0,60.0,20.0,2.8571428571428577
E0493,15.0,71.66666666666667,13.333333333333334,0.0,0.0,50.0,50.0,0.0,36.66666666666667
E0494,14.705882352941178,73.52941176470588,11.76470588235294,0.0,0.0,66.66666666666666,33.33333333333333,0.0,21.568627450980394
E0495,17.647058823529413,61.76470588235294,20.588235294117645,0.0,0.0,100.0,0.0,0.0,38.23529411764706
E0496,81.81818181818183,18.181818181818183,0.0,0.0,100.0,0.0,0.0,0.0,18.18181818181818
E0497,11.76470588235294,73.52941176470588,14.705882352941178,0.0,0.0,100.0,0.0,0.0,26.470588235294116
E0498,24.324324324324326,51.35135135135135,24.324324324324326,0.0,50.0,50.0,0.0,0.0,25.675675675675674
E0499,10.256410256410255,64.1025641025641,25.64102564102564,0.0,0.0,0.0,100.0,0.0,74.35897435897436
E0500,18.91891891891892,67.56756756756756,13.513513513513514,0.0,0.0,100.0,0.0,0.0,32.432432432432435
E0501,80.55555555555556,19.444444444444446,0.0,0.0,80.0,20.0,0.0,0.0,0.5555555555555554
E0503,79.48717948717949,20.51282051282051,0.0,0.0,100.0,0.0,0.0,0.0,20.51282051282051
E0504,86.20689655172413,13.793103448275861,0.0,0.0,100.0,0.0,0.0,0.0,13.793103448275867
E0505,0.0,16.43835616438356,60.273972602739725,23.28767123287671,0.0,25.0,50.0,25.0,10.273972602739727
E0506,82.14285714285714,17.857142857142858,0.0,0.0,25.0,75.0,0.0,0.0,57.14285714285714
E0507,62.5,12.5,25.0,0.0,100.0,0.0,0.0,0.0,37.5
E0508,85.0,15.0,0.0,0.0,77.77777777777779,22.22222222222222,0.0,0.0,7.222222222222218
E0509,0.0,27.27272727272727,60.60606060606061,12.121212121212121,0.0,25.0,75.0,0.0,14.393939393939391
E0510,13.043478260869565,65.21739130434783,21.73913043478261,0.0,0.0,33.33333333333333,66.66666666666666,0.0,44.927536231884055
E0513,13.953488372093023,62.7906976744186,23.25581395348837,0.0,0.0,66.66666666666666,33.33333333333333,0.0,13.953488372093018
E0514,0.0,17.333333333333336,60.0,22.666666666666664,0.0,0.0,75.0,25.0,17.333333333333336
E0515,23.076923076923077,53.84615384615385,23.076923076923077,0.0,0.0,50.0,50.0,0.0,26.923076923076923
E0516,0.0,11.11111111111111,88.88888888888889,0.0,0.0,0.0,100.0,0.0,11.111111111111112
E0517,0.0,4.545454545454546,79.54545454545455,15.909090909090908,0.0,0.0,66.66666666666666,33.33333333333333,17.42424242424243
E0518,0.0,28.57142857142857,57.14285714285714,14.285714285714285,0.0,0.0,100.0,0.0,42.85714285714286
E0519,15.584415584415584,68.83116883116884,15.584415584415584,0.0,16.666666666666664,66.66666666666666,16.666666666666664,0.0,2.1645021645021707
E0520,16.666666666666664,62.5,20.833333333333336,0.0,33.33333333333333,50.0,16.666666666666664,0.0,16.666666666666668
E0521,9.75609756097561,73.17073170731707,17.073170731707318,0.0,0.0,100.0,0.0,0.0,26.829268292682926
E0522,0.0,21.875,62.5,15.625,0.0,25.0,75.0,0.0,15.625
E0523,17.073170731707318,65.85365853658537,17.073170731707318,0.0,33.33333333333333,66.66666666666666,0.0,0.0,17.073170731707307
E0524,9.67741935483871,67.74193548387096,22.58064516129032,0.0,0.0,100.0,0.0,0.0,32.25806451612904
E0525,17.02127659574468,74.46808510638297,8.51063829787234,0.0,0.0,100.0,0.0,0.0,25.531914893617024
E0526,20.27027027027027,64.86486486486487,14.864864864864865,0.0,0.0,100.0,0.0,0.0,35.13513513513514
E0527,0.0,19.047619047619047,61.904761904761905,19.047619047619047,0.0,0.0,50.0,50.0,30.952380952380953
E0528,84.375,15.625,0.0,0.0,100.0,0.0,0.0,0.0,15.625
E0531,0.0,30.0,70.0,0.0,0.0,0.0,100.0,0.0,30.0
E0534,0.0,17.94871794871795,64.1025641025641,17.94871794871795,0.0,25.0,50.0,25.0,14.102564102564102
E0535,23.4375,57.8125,18.75,0.0,0.0,85.71428571428571,14.285714285714285,0.0,27.90178571428571
E0536,0.0,11.11111111111111,73.61111111111111,15.277777777777779,0.0,0.0,100.0,0.0,26.38888888888889
E0537,16.0,64.0,20.0,0.0,0.0,100.0,0.0,0.0,36.0
E0538,16.176470588235293,70.58823529411765,13.23529411764706,0.0,44.44444444444444,44.44444444444444,11.11111111111111,0.0,28.267973856209156
E0539,15.384615384615385,74.35897435897436,10.256410256410255,0.0,0.0,100.0,0.0,0.0,25.64102564102564
E0541,20.833333333333336,62.5,16.666666666666664,0.0,100.0,0.0,0.0,0.0,79.16666666666666
E0542,83.33333333333334,16.666666666666664,0.0,0.0,83.33333333333334,16.666666666666664,0.0,0.0,0.0
E0543,17.5,67.5,15.0,0.0,50.0,50.0,0.0,0.0,32.5
E0544,87.5,12.5,0.0,0.0,100.0,0.0,0.0,0.0,12.5
E0545,0.0,15.384615384615385,61.53846153846154,23.076923076923077,0.0,0.0,50.0,50.0,26.923076923076927
E0546,0.0,12.5,68.75,18.75,0.0,33.33333333333333,66.66666666666666,0.0,20.833333333333336
E0547,17.647058823529413,73.52941176470588,8.823529411764707,0.0,0.0,100.0,0.0,0.0,26.470588235294116
E0548,10.0,70.0,20.0,0.0,0.0,100.0,0.0,0.0,30.0
E0550,14.285714285714285,71.42857142857143,14.285714285714285,0.0,0.0,100.0,0.0,0.0,28.57142857142857
E0551,0.0,11.864406779661017,67.79661016949152,20.33898305084746,0.0,0.0,66.66666666666666,33.33333333333333,12.994350282485872
E0552,0.0,14.492753623188406,66.66666666666666,18.84057971014493,0.0,12.5,62.5,25.0,6.159420289855067
E0553,11.428571428571429,80.0,8.571428571428571,0.0,100.0,0.0,0.0,0.0,88.57142857142857
E0554,0.0,19.444444444444446,58.333333333333336,22.22222222222222,0.0,50.0,50.0,0.0,30.555555555555554
E0555,18.421052631578945,76.31578947368422,5.263157894736842,0.0,0.0,100.0,0.0,0.0,23.684210526315784
E0556,0.0,25.71428571428571,62.857142857142854,11.428571428571429,0.0,25.0,75.0,0.0,12.142857142857142
E0557,88.88888888888889,11.11111111111111,0.0,0.0,100.0,0.0,0.0,0.0,11.111111111111112
E0558,13.043478260869565,68.11594202898551,18.84057971014493,0.0,16.666666666666664,66.66666666666666,16.666666666666664,0.0,3.6231884057971113
E0559,22.22222222222222,58.333333333333336,19.444444444444446,0.0,0.0,75.0,25.0,0.0,22.22222222222222
E0560,13.88888888888889,61.111111111111114,25.0,0.0,0.0,75.0,25.0,0.0,13.888888888888888
E0561,80.55555555555556,19.444444444444446,0.0,0.0,100.0,0.0,0.0,0.0,19.444444444444443
E0562,0.0,16.0,68.0,16.0,0.0,20.0,80.0,0.0,16.0
E0563,95.0,5.0,0.0,0.0,100.0,0.0,0.0,0.0,5.0
E0565,25.0,50.0,25.0,0.0,0.0,100.0,0.0,0.0,50.0
E0566,26.82926829268293,60.97560975609756,12.195121951219512,0.0,100.0,0.0,0.0,0.0,73.17073170731707
E0567,21.62162162162162,67.56756756756756,10.81081081081081,0.0,0.0,100.0,0.0,0.0,32.432432432432435
E0568,14.705882352941178,70.58823529411765,14.705882352941178,0.0,0.0,0.0,100.0,0.0,85.29411764705883
E0569,75.0,25.0,0.0,0.0,50.0,50.0,0.0,0.0,25.0
E0570,87.3015873015873,12.698412698412698,0.0,0.0,83.33333333333334,16.666666666666664,0.0,0.0,3.968253968253964
E0571,16.666666666666664,55.55555555555556,27.77777777777778,0.0,0.0,100.0,0.0,0.0,44.44444444444444
E0572,0.0,20.454545454545457,56.81818181818182,22.727272727272727,0.0,33.33333333333333,16.666666666666664,50.0,40.151515151515156
E0573,0.0,27.27272727272727,63.63636363636363,9.090909090909092,0.0,50.0,50.0,0.0,22.727272727272727
E0574,76.92307692307693,23.076923076923077,0.0,0.0,50.0,50.0,0.0,0.0,26.923076923076927
E0575,20.0,60.0,20.0,0.0,50.0,25.0,25.0,0.0,35.0
E0576,100.0,0.0,0.0,0.0,100.0,0.0,0.0,0.0,0.0
E0578,12.121212121212121,74.24242424242425,13.636363636363635,0.0,14.285714285714285,57.14285714285714,28.57142857142857,0.0,17.099567099567103
E0579,23.076923076923077,57.692307692307686,19.230769230769234,0.0,14.285714285714285,85.71428571428571,0.0,0.0,28.021978021978025
E0580,80.0,20.0,0.0,0.0,60.0,40.0,0.0,0.0,20.0
E0581,14.035087719298245,59.64912280701754,26.31578947368421,0.0,9.090909090909092,63.63636363636363,27.27272727272727,0.0,4.944178628389153
E0582,84.48275862068965,15.517241379310345,0.0,0.0,75.0,25.0,0.0,0.0,9.482758620689653
E0583,0.0,14.473684210526317,68.42105263157895,17.105263157894736,0.0,0.0,66.66666666666666,33.33333333333333,16.228070175438596
E0584,0.0,21.428571428571427,66.66666666666666,11.904761904761903,0.0,0.0,100.0,0.0,33.333333333333336
E0585,90.9090909090909,9.090909090909092,0.0,0.0,50.0,50.0,0.0,0.0,40.90909090909091
E0587,0.0,7.142857142857142,69.04761904761905,23.809523809523807,0.0,0.0,100.0,0.0,30.95238095238095
E0588,0.0,14.545454545454545,74.54545454545455,10.909090909090908,0.0,33.33333333333333,33.33333333333333,33.33333333333333,41.21212121212121
E0589,19.51219512195122,60.97560975609756,19.51219512195122,0.0,16.666666666666664,66.66666666666666,16.666666666666664,0.0,5.6910569105691025
E0590,86.48648648648648,13.513513513513514,0.0,0.0,71.42857142857143,28.57142857142857,0.0,0.0,15.057915057915054
E0591,87.5,12.5,0.0,0.0,72.72727272727273,27.27272727272727,0.0,0.0,14.772727272727268
E0592,14.705882352941178,70.58823529411765,14.705882352941178,0.0,33.33333333333333,66.66666666666666,0.0,0.0,18.62745098039216
E0593,22.58064516129032,66.12903225806451,11.29032258064516,0.0,0.0,100.0,0.0,0.0,33.87096774193549
E0594,78.46153846153847,21.53846153846154,0.0,0.0,75.0,25.0,0.0,0.0,3.4615384615384635
E0595,7.6923076923076925,71.7948717948718,20.51282051282051,0.0,0.0,0.0,100.0,0.0,79.48717948717949
E0597,0.0,10.256410256410255,71.7948717948718,17.94871794871795,0.0,100.0,0.0,0.0,89.74358974358975
E0598,23.18840579710145,62.31884057971014,14.492753623188406,0.0,50.0,50.0,0.0,0.0,26.811594202898547
E0599,100.0,0.0,0.0,0.0,100.0,0.0,0.0,0.0,0.0
E0600,14.492753623188406,68.11594202898551,17.391304347826086,0.0,0.0,50.0,50.0,0.0,32.60869565217392
E0601,4.0,80.0,16.0,0.0,0.0,100.0,0.0,0.0,20.0
E0602,0.0,17.142857142857142,67.14285714285714,15.714285714285714,0.0,33.33333333333333,33.33333333333333,33.33333333333333,33.80952380952381
E0603,20.0,60.0,20.0,0.0,0.0,100.0,0.0,0.0,40.0
E0604,15.873015873015872,60.317460317460316,23.809523809523807,0.0,0.0,100.0,0.0,0.0,39.682539682539684
E0605,14.285714285714285,69.04761904761905,16.666666666666664,0.0,0.0,100.0,0.0,0.0,30.95238095238095
E0606,23.809523809523807,58.730158730158735,17.46031746031746,0.0,33.33333333333333,33.33333333333333,33.33333333333333,0.0,25.3968253968254
E0607,0.0,17.142857142857142,74.28571428571429,8.571428571428571,0.0,100.0,0.0,0.0,82.85714285714288
E0609,13.513513513513514,67.56756756756756,18.91891891891892,0.0,25.0,25.0,50.0,0.0,42.567567567567565
E0610,82.8125,17.1875,0.0,0.0,100.0,0.0,0.0,0.0,17.1875
E0613,0.0,0.0,83.33333333333334,16.666666666666664,0.0,0.0,100.0,0.0,16.66666666666666
E0614,14.754098360655737,67.21311475409836,18.0327868852459,0.0,33.33333333333333,50.0,16.666666666666664,0.0,18.57923497267759
E0615,14.583333333333334,77.08333333333334,8.333333333333332,0.0,28.57142857142857,57.14285714285714,14.285714285714285,0.0,19.940476190476197
E0616,0.0,23.809523809523807,57.14285714285714,19.047619047619047,0.0,100.0,0.0,0.0,76.19047619047618
E0617,0.0,19.767441860465116,62.7906976744186,17.441860465116278,0.0,12.5,75.0,12.5,12.209302325581396
E0618,83.33333333333334,16.666666666666664,0.0,0.0,66.66666666666666,33.33333333333333,0.0,0.0,16.666666666666675
E0619,19.35483870967742,70.96774193548387,9.67741935483871,0.0,25.0,75.0,0.0,0.0,9.677419354838708
E0620,14.285714285714285,61.904761904761905,23.809523809523807,0.0,100.0,0.0,0.0,0.0,85.71428571428571
E0621,0.0,12.32876712328767,60.273972602739725,27.397260273972602,0.0,16.666666666666664,66.66666666666666,16.666666666666664,10.73059360730593
E0622,87.5,12.5,0.0,0.0,66.66666666666666,33.33333333333333,0.0,0.0,20.833333333333336
E0623,22.22222222222222,77.77777777777779,0.0,0.0,0.0,100.0,0.0,0.0,22.222222222222218
E0624,0.0,20.0,66.66666666666666,13.333333333333334,0.0,100.0,0.0,0.0,80.0
E0625,90.0,10.0,0.0,0.0,50.0,50.0,0.0,0.0,40.0
E0626,15.492957746478872,61.97183098591549,22.535211267605636,0.0,25.0,75.0,0.0,0.0,22.53521126760564
E0627,16.666666666666664,66.66666666666666,16.666666666666664,0.0,0.0,100.0,0.0,0.0,33.333333333333336
E0628,12.068965517241379,62.06896551724138,25.862068965517242,0.0,0.0,50.0,50.0,0.0,24.13793103448276
E0629,21.052631578947366,57.89473684210527,21.052631578947366,0.0,0.0,100.0,0.0,0.0,42.10526315789473
E0630,20.0,70.0,10.0,0.0,0.0,100.0,0.0,0.0,30.0
E0632,12.82051282051282,66.66666666666666,20.51282051282051,0.0,33.33333333333333,33.33333333333333,33.33333333333333,0.0,33.33333333333333
E0633,0.0,22.36842105263158,63.1578947368421,14.473684210526317,0.0,50.0,50.0,0.0,27.631578947368418
E0634,0.0,10.44776119402985,64.17910447761194,25.37313432835821,0.0,14.285714285714285,71.42857142857143,14.285714285714285,11.087420042643924
E0635,89.74358974358975,10.256410256410255,0.0,0.0,100.0,0.0,0.0,0.0,10.256410256410252
E0636,63.63636363636363,36.36363636363637,0.0,0.0,0.0,100.0,0.0,0.0,63.63636363636363
E0637,0.0,60.0,40.0,0.0,0.0,100.0,0.0,0.0,40.0
E0638,23.684210526315788,60.526315789473685,15.789473684210526,0.0,0.0,100.0,0.0,0.0,39.473684210526315
E0639,17.02127659574468,53.191489361702125,29.78723404255319,0.0,0.0,66.66666666666666,33.33333333333333,0.0,17.021276595744673
E0640,10.0,67.5,22.5,0.0,33.33333333333333,33.33333333333333,33.33333333333333,0.0,34.166666666666664
E0641,78.94736842105263,21.052631578947366,0.0,0.0,75.0,25.0,0.0,0.0,3.947368421052632
E0642,85.9375,14.0625,0.0,0.0,100.0,0.0,0.0,0.0,14.0625
E0643,16.129032258064516,70.96774193548387,12.903225806451612,0.0,20.0,60.0,20.0,0.0,10.967741935483872
E0644,8.571428571428571,71.42857142857143,20.0,0.0,33.33333333333333,66.66666666666666,0.0,0.0,24.761904761904766
E0645,90.625,9.375,0.0,0.0,100.0,0.0,0.0,0.0,9.375
E0646,14.035087719298245,71.9298245614035,14.035087719298245,0.0,22.22222222222222,77.77777777777779,0.0,0.0,14.03508771929825
E0647,14.705882352941178,70.58823529411765,14.705882352941178,0.0,14.285714285714285,57.14285714285714,28.57142857142857,0.0,13.865546218487399
E0649,0.0,5.714285714285714,77.14285714285715,17.142857142857142,0.0,0.0,100.0,0.0,22.857142857142854
E0650,13.636363636363635,70.45454545454545,15.909090909090908,0.0,0.0,85.71428571428571,14.285714285714285,0.0,15.259740259740255
E0652,25.53191489361702,51.06382978723404,23.404255319148938,0.0,0.0,60.0,40.0,0.0,25.53191489361702
E0653,15.068493150684931,73.97260273972603,10.95890410958904,0.0,40.0,60.0,0.0,0.0,24.93150684931507
E0654,18.0,60.0,22.0,0.0,0.0,75.0,25.0,0.0,18.0
E0655,0.0,18.75,65.625,15.625,0.0,16.666666666666664,50.0,33.33333333333333,17.708333333333332
E0657,0.0,10.81081081081081,59.45945945945946,29.72972972972973,0.0,0.0,100.0,0.0,40.54054054054054
E0659,88.23529411764706,11.76470588235294,0.0,0.0,100.0,0.0,0.0,0.0,11.764705882352942
E0660,24.242424242424242,63.63636363636363,12.121212121212121,0.0,0.0,100.0,0.0,0.0,36.36363636363637
E0661,23.076923076923077,64.1025641025641,12.82051282051282,0.0,0.0,66.66666666666666,33.33333333333333,0.0,23.076923076923073
E0662,21.951219512195124,56.09756097560976,21.951219512195124,0.0,0.0,0.0,100.0,0.0,78.04878048780489
E0663,19.047619047619047,64.28571428571429,16.666666666666664,0.0,16.666666666666664,50.0,33.33333333333333,0.0,16.66666666666667
E0664,100.0,0.0,0.0,0.0,100.0,0.0,0.0,0.0,0.0
E0665,0.0,14.285714285714285,64.28571428571429,21.428571428571427,0.0,33.33333333333333,33.33333333333333,33.33333333333333,30.952380952380956
E0667,0.0,25.0,55.00000000000001,20.0,0.0,25.0,50.0,25.0,5.0000000000000036
E0669,0.0,15.714285714285714,67.14285714285714,17.142857142857142,0.0,12.5,87.5,0.0,20.35714285714286
E0670,9.45945945945946,75.67567567567568,14.864864864864865,0.0,0.0,50.0,50.0,0.0,35.13513513513514
E0671,15.068493150684931,72.6027397260274,12.32876712328767,0.0,25.0,50.0,25.0,0.0,22.602739726027398
E0672,0.0,17.91044776119403,61.19402985074627,20.8955223880597,0.0,33.33333333333333,66.66666666666666,0.0,20.895522388059696
E0673,21.818181818181817,61.81818181818181,16.363636363636363,0.0,50.0,50.0,0.0,0.0,28.18181818181818
E0674,27.27272727272727,66.66666666666666,6.0606060606060606,0.0,50.0,50.0,0.0,0.0,22.727272727272727
E0675,16.666666666666664,63.888888888888886,19.444444444444446,0.0,0.0,100.0,0.0,0.0,36.111111111111114
E0677,8.75,73.75,17.5,0.0,0.0,77.77777777777779,22.22222222222222,0.0,8.750000000000004
E0678,23.28767123287671,57.534246575342465,19.17808219178082,0.0,42.857142857142854,28.57142857142857,28.57142857142857,0.0,28.962818003913895
E0679,26.47058823529412,64.70588235294117,8.823529411764707,0.0,0.0,50.0,50.0,0.0,41.17647058823529
E0681,16.129032258064516,70.96774193548387,12.903225806451612,0.0,0.0,0.0,100.0,0.0,87.09677419354838
E0682,0.0,8.860759493670885,70.88607594936708,20.253164556962027,0.0,10.0,70.0,20.0,1.139240506329112
E0683,17.857142857142858,75.0,7.142857142857142,0.0,33.33333333333333,33.33333333333333,33.33333333333333,0.0,41.666666666666664
E0684,0.0,22.857142857142858,60.0,17.142857142857142,0.0,0.0,66.66666666666666,33.33333333333333,22.85714285714285
E0685,21.875,56.25,21.875,0.0,0.0,100.0,0.0,0.0,43.75
E0686,0.0,28.26086956521739,52.17391304347826,19.565217391304348,0.0,33.33333333333333,33.33333333333333,33.33333333333333,18.840579710144922
E0687,76.74418604651163,23.25581395348837,0.0,0.0,60.0,40.0,0.0,0.0,16.74418604651163
E0688,0.0,19.444444444444446,63.888888888888886,16.666666666666664,0.0,66.66666666666666,33.33333333333333,0.0,47.222222222222214
E0689,84.93150684931507,15.068493150684931,0.0,0.0,100.0,0.0,0.0,0.0,15.06849315068493
E0690,0.0,2.3255813953488373,72.09302325581395,25.581395348837212,0.0,0.0,50.0,50.0,24.418604651162788
E0691,0.0,10.81081081081081,72.97297297297297,16.216216216216218,0.0,0.0,100.0,0.0,27.027027027027028
E0692,14.814814814814813,70.37037037037037,14.814814814814813,0.0,0.0,66.66666666666666,33.33333333333333,0.0,18.51851851851852
E0693,12.121212121212121,75.75757575757575,12.121212121212121,0.0,16.666666666666664,66.66666666666666,16.666666666666664,0.0,9.09090909090909
E0694,0.0,19.047619047619047,71.42857142857143,9.523809523809524,0.0,0.0,100.0,0.0,28.571428571428573
E0695,17.142857142857142,65.71428571428571,17.142857142857142,0.0,0.0,33.33333333333333,66.66666666666666,0.0,49.52380952380952
E0696,0.0,14.864864864864865,58.108108108108105,27.027027027027028,0.0,0.0,100.0,0.0,41.891891891891895
E0697,87.87878787878788,12.121212121212121,0.0,0.0,0.0,100.0,0.0,0.0,87.87878787878788
E0698,82.75862068965517,17.24137931034483,0.0,0.0,100.0,0.0,0.0,0.0,17.241379310344826
E0699,0.0,37.5,25.0,37.5,0.0,100.0,0.0,0.0,62.5
E0700,19.11764705882353,54.41176470588235,26.47058823529412,0.0,33.33333333333333,66.66666666666666,0.0,0.0,26.470588235294116
E0701,0.0,20.833333333333336,54.166666666666664,25.0,0.0,40.0,60.0,0.0,25.0
E0702,11.11111111111111,80.55555555555556,8.333333333333332,0.0,100.0,0.0,0.0,0.0,88.8888888888889
E0703,9.67741935483871,61.29032258064516,29.03225806451613,0.0,0.0,100.0,0.0,0.0,38.70967741935484
E0704,14.634146341463413,73.17073170731707,12.195121951219512,0.0,0.0,100.0,0.0,0.0,26.829268292682926
E0705,27.27272727272727,54.54545454545454,18.181818181818183,0.0,0.0,50.0,50.0,0.0,31.818181818181813
E0706,13.953488372093023,65.11627906976744,20.930232558139537,0.0,0.0,75.0,25.0,0.0,13.953488372093021
E0707,22.857142857142858,54.285714285714285,22.857142857142858,0.0,50.0,50.0,0.0,0.0,27.142857142857142
E0708,14.814814814814813,62.96296296296296,22.22222222222222,0.0,0.0,100.0,0.0,0.0,37.03703703703704
E0709,16.39344262295082,65.57377049180327,18.0327868852459,0.0,0.0,66.66666666666666,33.33333333333333,0.0,16.393442622950815
E0710,0.0,9.67741935483871,80.64516129032258,9.67741935483871,0.0,11.11111111111111,88.88888888888889,0.0,9.67741935483871
E0711,17.073170731707318,63.41463414634146,19.51219512195122,0.0,0.0,75.0,25.0,0.0,17.073170731707318
E0713,18.0,64.0,18.0,0.0,20.0,80.0,0.0,0.0,18.0
E0714,21.73913043478261,56.52173913043478,21.73913043478261,0.0,0.0,100.0,0.0,0.0,43.47826086956522
E0715,12.5,72.5,15.0,0.0,25.0,50.0,25.0,0.0,22.5
E0717,78.37837837837837,21.62162162162162,0.0,0.0,100.0,0.0,0.0,0.0,21.621621621621625
E0718,82.6086956521739,17.391304347826086,0.0,0.0,100.0,0.0,0.0,0.0,17.39130434782609
E0719,10.256410256410255,76.92307692307693,12.82051282051282,0.0,33.33333333333333,33.33333333333333,33.33333333333333,0.0,43.5897435897436
E0720,0.0,10.344827586206897,72.41379310344827,17.24137931034483,0.0,0.0,100.0,0.0,27.58620689655173
E0721,85.71428571428571,14.285714285714285,0.0,0.0,100.0,0.0,0.0,0.0,14.285714285714288
E0722,16.43835616438356,61.64383561643836,21.91780821917808,0.0,16.666666666666664,50.0,33.33333333333333,0.0,11.643835616438356
E0723,25.64102564102564,56.41025641025641,17.94871794871795,0.0,28.57142857142857,57.14285714285714,14.285714285714285,0.0,3.6630036630036624
E0724,24.390243902439025,58.536585365853654,17.073170731707318,0.0,0.0,75.0,25.0,0.0,24.390243902439025
E0725,0.0,16.216216216216218,78.37837837837837,5.405405405405405,0.0,50.0,50.0,0.0,33.78378378378378
E0726,17.91044776119403,61.19402985074627,20.8955223880597,0.0,12.5,87.5,0.0,0.0,26.30597014925373
E0727,19.402985074626866,59.70149253731343,20.8955223880597,0.0,0.0,100.0,0.0,0.0,40.29850746268657
E0728,75.67567567567568,24.324324324324326,0.0,0.0,60.0,40.0,0.0,0.0,15.675675675675675
E0729,91.66666666666666,8.333333333333332,0.0,0.0,100.0,0.0,0.0,0.0,8.333333333333337
E0730,24.324324324324326,56.75675675675676,18.91891891891892,0.0,33.33333333333333,33.33333333333333,33.33333333333333,0.0,23.423423423423422
E0731,73.80952380952381,26.190476190476193,0.0,0.0,50.0,50.0,0.0,0.0,23.80952380952381
E0732,12.903225806451612,70.96774193548387,16.129032258064516,0.0,0.0,50.0,50.0,0.0,33.87096774193549
E0733,0.0,50.0,50.0,0.0,0.0,0.0,100.0,0.0,50.0
E0734,14.814814814814813,71.60493827160494,13.580246913580247,0.0,20.0,50.0,30.0,0.0,21.604938271604937
E0735,85.71428571428571,14.285714285714285,0.0,0.0,100.0,0.0,0.0,0.0,14.285714285714288
E0736,24.390243902439025,63.41463414634146,12.195121951219512,0.0,0.0,100.0,0.0,0.0,36.58536585365854
E0737,17.91044776119403,64.17910447761194,17.91044776119403,0.0,50.0,33.33333333333333,16.666666666666664,0.0,32.08955223880598
E0738,0.0,10.344827586206897,86.20689655172413,3.4482758620689653,0.0,0.0,100.0,0.0,13.793103448275867
E0740,0.0,20.0,62.5,17.5,0.0,0.0,100.0,0.0,37.5
E0741,20.0,62.857142857142854,17.142857142857142,0.0,50.0,50.0,0.0,0.0,30.0
E0742,20.0,54.285714285714285,25.71428571428571,0.0,33.33333333333333,66.66666666666666,0.0,0.0,25.714285714285708
E0743,29.850746268656714,61.19402985074627,8.955223880597014,0.0,25.0,62.5,12.5,0.0,4.8507462686567155
E0744,66.66666666666666,33.33333333333333,0.0,0.0,75.0,25.0,0.0,0.0,8.333333333333336
E0745,91.37931034482759,8.620689655172415,0.0,0.0,100.0,0.0,0.0,0.0,8.620689655172413
E0746,20.588235294117645,70.58823529411765,8.823529411764707,0.0,20.0,80.0,0.0,0.0,9.41176470588235
E0747,11.538461538461538,69.23076923076923,19.230769230769234,0.0,0.0,100.0,0.0,0.0,30.769230769230774
E0748,0.0,23.684210526315788,55.26315789473685,21.052631578947366,0.0,0.0,66.66666666666666,33.33333333333333,23.68421052631578
E0749,23.809523809523807,61.904761904761905,14.285714285714285,0.0,25.0,75.0,0.0,0.0,14.285714285714286
E0750,86.66666666666667,13.333333333333334,0.0,0.0,100.0,0.0,0.0,0.0,13.333333333333332
E0751,15.151515151515152,72.72727272727273,12.121212121212121,0.0,0.0,75.0,25.0,0.0,15.151515151515149
E0753,26.82926829268293,56.09756097560976,17.073170731707318,0.0,0.0,50.0,50.0,0.0,32.926829268292686
E0754,10.526315789473683,73.68421052631578,15.789473684210526,0.0,0.0,75.0,25.0,0.0,10.526315789473689
E0755,0.0,20.28985507246377,73.91304347826086,5.797101449275362,0.0,14.285714285714285,85.71428571428571,0.0,11.801242236024848
E0756,0.0,27.27272727272727,62.121212121212125,10.606060606060606,0.0,45.45454545454545,54.54545454545454,0.0,18.181818181818187
E0757,10.256410256410255,61.53846153846154,28.205128205128204,0.0,50.0,0.0,50.0,0.0,61.53846153846154
E0758,13.157894736842104,65.78947368421053,21.052631578947366,0.0,0.0,66.66666666666666,33.33333333333333,0.0,13.157894736842096
E0759,0.0,20.0,66.15384615384615,13.846153846153847,0.0,16.666666666666664,66.66666666666666,16.666666666666664,3.333333333333332
E0760,9.090909090909092,69.6969696969697,21.21212121212121,0.0,0.0,75.0,25.0,0.0,9.09090909090909
E0763,17.142857142857142,71.42857142857143,11.428571428571429,0.0,33.33333333333333,66.66666666666666,0.0,0.0,16.190476190476193
E0764,25.71428571428571,60.0,14.285714285714285,0.0,0.0,100.0,0.0,0.0,40.0
E0765,15.909090909090908,69.31818181818183,14.772727272727273,0.0,0.0,75.0,25.0,0.0,15.909090909090903
E0766,24.390243902439025,65.85365853658537,9.75609756097561,0.0,16.666666666666664,66.66666666666666,16.666666666666664,0.0,7.723577235772351
E0767,77.41935483870968,22.58064516129032,0.0,0.0,75.0,25.0,0.0,0.0,2.4193548387096797
E0768,11.428571428571429,74.28571428571429,14.285714285714285,0.0,14.285714285714285,71.42857142857143,14.285714285714285,0.0,2.8571428571428585
E0769,8.108108108108109,70.27027027027027,21.62162162162162,0.0,0.0,100.0,0.0,0.0,29.72972972972973
E0771,11.11111111111111,72.22222222222221,16.666666666666664,0.0,0.0,100.0,0.0,0.0,27.777777777777782
E0772,14.516129032258066,66.12903225806451,19.35483870967742,0.0,0.0,75.0,25.0,0.0,14.516129032258066
E0775,0.0,26.08695652173913,67.3913043478261,6.521739130434782,0.0,0.0,100.0,0.0,32.60869565217391
E0777,17.5,60.0,22.5,0.0,33.33333333333333,66.66666666666666,0.0,0.0,22.499999999999993
E0779,22.22222222222222,71.11111111111111,6.666666666666667,0.0,33.33333333333333,66.66666666666666,0.0,0.0,11.111111111111116
E0780,16.666666666666664,69.04761904761905,14.285714285714285,0.0,40.0,60.0,0.0,0.0,23.333333333333336
E0781,0.0,17.741935483870968,74.19354838709677,8.064516129032258,0.0,0.0,100.0,0.0,25.806451612903228
E0782,79.3103448275862,20.689655172413794,0.0,0.0,0.0,100.0,0.0,0.0,79.3103448275862
E0783,77.77777777777779,22.22222222222222,0.0,0.0,100.0,0.0,0.0,0.0,22.222222222222218
E0785,16.666666666666664,66.66666666666666,16.666666666666664,0.0,0.0,75.0,25.0,0.0,16.66666666666667
E0786,12.5,60.0,27.500000000000004,0.0,20.0,40.0,40.0,0.0,20.0
E0787,84.61538461538461,15.384615384615385,0.0,0.0,50.0,50.0,0.0,0.0,34.61538461538461
E0788,37.5,50.0,12.5,0.0,0.0,0.0,100.0,0.0,87.5
E0789,0.0,16.216216216216218,70.27027027027027,13.513513513513514,0.0,33.33333333333333,66.66666666666666,0.0,17.11711711711712
E0790,0.0,17.142857142857142,60.0,22.857142857142858,0.0,0.0,100.0,0.0,40.0
E0791,10.606060606060606,75.75757575757575,13.636363636363635,0.0,50.0,0.0,50.0,0.0,75.75757575757575
E0792,18.181818181818183,65.15151515151516,16.666666666666664,0.0,33.33333333333333,66.66666666666666,0.0,0.0,16.666666666666657
E0793,90.625,9.375,0.0,0.0,100.0,0.0,0.0,0.0,9.375
E0794,14.457831325301203,69.87951807228916,15.66265060240964,0.0,0.0,100.0,0.0,0.0,30.12048192771084
E0796,10.0,72.5,17.5,0.0,0.0,100.0,0.0,0.0,27.5
E0797,14.634146341463413,70.73170731707317,14.634146341463413,0.0,0.0,100.0,0.0,0.0,29.268292682926827
E0799,93.93939393939394,6.0606060606060606,0.0,0.0,80.0,20.0,0.0,0.0,13.939393939393938
E0801,75.67567567567568,24.324324324324326,0.0,0.0,100.0,0.0,0.0,0.0,24.324324324324323
E0804,17.647058823529413,70.58823529411765,11.76470588235294,0.0,50.0,50.0,0.0,0.0,32.35294117647059
E0805,19.51219512195122,65.85365853658537,14.634146341463413,0.0,25.0,75.0,0.0,0.0,14.634146341463412
E0806,0.0,15.0,80.0,5.0,0.0,33.33333333333333,66.66666666666666,0.0,18.333333333333336
E0807,0.0,9.090909090909092,69.6969696969697,21.21212121212121,0.0,33.33333333333333,33.33333333333333,33.33333333333333,36.36363636363636
E0808,10.714285714285714,82.14285714285714,7.142857142857142,0.0,0.0,100.0,0.0,0.0,17.85714285714286
E0809,0.0,27.586206896551722,58.620689655172406,13.793103448275861,0.0,33.33333333333333,50.0,16.666666666666664,8.620689655172407
E0811,11.904761904761903,71.42857142857143,16.666666666666664,0.0,0.0,50.0,50.0,0.0,33.333333333333336
E0812,13.636363636363635,69.6969696969697,16.666666666666664,0.0,20.0,80.0,0.0,0.0,16.666666666666664
E0813,16.666666666666664,66.66666666666666,16.666666666666664,0.0,0.0,100.0,0.0,0.0,33.333333333333336
E0814,15.789473684210526,64.91228070175438,19.298245614035086,0.0,25.0,50.0,25.0,0.0,14.912280701754385
E0815,12.903225806451612,74.19354838709677,12.903225806451612,0.0,33.33333333333333,66.66666666666666,0.0,0.0,20.43010752688172
E0816,77.77777777777779,22.22222222222222,0.0,0.0,100.0,0.0,0.0,0.0,22.222222222222218
E0817,11.11111111111111,74.07407407407408,14.814814814814813,0.0,25.0,75.0,0.0,0.0,14.814814814814813
E0818,78.125,21.875,0.0,0.0,100.0,0.0,0.0,0.0,21.875
E0819,14.285714285714285,71.42857142857143,14.285714285714285,0.0,33.33333333333333,66.66666666666666,0.0,0.0,19.04761904761905
E0820,20.51282051282051,58.97435897435898,20.51282051282051,0.0,66.66666666666666,33.33333333333333,0.0,0.0,46.15384615384615
E0821,25.0,46.42857142857143,28.57142857142857,0.0,0.0,66.66666666666666,33.33333333333333,0.0,24.999999999999993
E0822,0.0,10.81081081081081,64.86486486486487,24.324324324324326,0.0,0.0,66.66666666666666,33.33333333333333,10.8108108108108
E0823,0.0,19.444444444444446,62.5,18.055555555555554,0.0,50.0,50.0,0.0,30.555555555555557
E0824,17.647058823529413,67.64705882352942,14.705882352941178,0.0,0.0,100.0,0.0,0.0,32.35294117647059
E0825,33.33333333333333,47.22222222222222,19.444444444444446,0.0,33.33333333333333,66.66666666666666,0.0,0.0,19.444444444444443
E0826,11.39240506329114,67.08860759493672,21.518987341772153,0.0,50.0,50.0,0.0,0.0,38.607594936708864
E0827,85.5072463768116,14.492753623188406,0.0,0.0,100.0,0.0,0.0,0.0,14.492753623188406
E0828,87.17948717948718,12.82051282051282,0.0,0.0,100.0,0.0,0.0,0.0,12.820512820512818
E0829,17.5,65.0,17.5,0.0,0.0,66.66666666666666,33.33333333333333,0.0,17.499999999999993
E0830,10.0,70.0,20.0,0.0,0.0,50.0,50.0,0.0,30.0
E0831,25.0,58.92857142857143,16.071428571428573,0.0,20.0,80.0,0.0,0.0,21.07142857142857
E0832,0.0,22.641509433962266,69.81132075471697,7.547169811320755,0.0,25.0,75.0,0.0,7.5471698113207575
E0833,84.78260869565217,15.217391304347828,0.0,0.0,100.0,0.0,0.0,0.0,15.217391304347828
E0834,80.0,20.0,0.0,0.0,100.0,0.0,0.0,0.0,20.0
E0835,0.0,18.055555555555554,65.27777777777779,16.666666666666664,0.0,28.57142857142857,42.857142857142854,28.57142857142857,22.420634920634928
E0836,86.8421052631579,13.157894736842104,0.0,0.0,100.0,0.0,0.0,0.0,13.157894736842099
E0838,12.5,75.0,12.5,0.0,0.0,60.0,40.0,0.0,27.5
E0839,13.513513513513514,67.56756756756756,18.91891891891892,0.0,0.0,0.0,100.0,0.0,81.08108108108108
E0841,82.85714285714286,17.142857142857142,0.0,0.0,100.0,0.0,0.0,0.0,17.14285714285714
E0842,84.61538461538461,15.384615384615385,0.0,0.0,50.0,50.0,0.0,0.0,34.61538461538461
E0843,0.0,66.66666666666666,33.33333333333333,0.0,0.0,0.0,100.0,0.0,66.66666666666666
E0844,27.27272727272727,60.60606060606061,12.121212121212121,0.0,0.0,100.0,0.0,0.0,39.39393939393939
E0845,8.88888888888889,75.55555555555556,15.555555555555555,0.0,0.0,50.0,50.0,0.0,34.44444444444444
E0846,16.0,80.0,4.0,0.0,0.0,100.0,0.0,0.0,20.0
E0847,0.0,42.857142857142854,57.14285714285714,0.0,0.0,0.0,100.0,0.0,42.85714285714286
E0848,81.81818181818183,18.181818181818183,0.0,0.0,100.0,0.0,0.0,0.0,18.18181818181818
E0850,17.647058823529413,64.70588235294117,17.647058823529413,0.0,25.0,50.0,25.0,0.0,14.705882352941174
E0851,13.157894736842104,71.05263157894737,15.789473684210526,0.0,50.0,50.0,0.0,0.0,36.8421052631579
E0854,0.0,25.0,63.888888888888886,11.11111111111111,0.0,100.0,0.0,0.0,75.0
E0856,16.417910447761194,64.17910447761194,19.402985074626866,0.0,0.0,71.42857142857143,28.57142857142857,0.0,16.417910447761194
E0858,10.526315789473683,76.31578947368422,13.157894736842104,0.0,20.0,60.0,20.0,0.0,16.315789473684216
E0859,18.421052631578945,68.42105263157895,13.157894736842104,0.0,0.0,100.0,0.0,0.0,31.57894736842105
E0860,7.894736842105263,81.57894736842105,10.526315789473683,0.0,25.0,75.0,0.0,0.0,17.105263157894736
E0861,81.33333333333333,18.666666666666668,0.0,0.0,60.0,40.0,0.0,0.0,21.33333333333333
E0862,8.823529411764707,64.70588235294117,26.47058823529412,0.0,0.0,40.0,60.0,0.0,33.529411764705884
E0863,9.090909090909092,72.72727272727273,18.181818181818183,0.0,20.0,60.0,20.0,0.0,12.727272727272728
E0864,11.428571428571429,74.28571428571429,14.285714285714285,0.0,0.0,83.33333333333334,16.666666666666664,0.0,11.42857142857143
E0865,0.0,22.22222222222222,66.66666666666666,11.11111111111111,0.0,25.0,62.5,12.5,4.1666666666666625
E0866,82.85714285714286,17.142857142857142,0.0,0.0,100.0,0.0,0.0,0.0,17.14285714285714
E0867,13.23529411764706,67.64705882352942,19.11764705882353,0.0,12.5,75.0,12.5,0.0,7.352941176470584
E0869,0.0,21.73913043478261,73.91304347826086,4.3478260869565215,0.0,0.0,100.0,0.0,26.086956521739136
E0870,20.238095238095237,64.28571428571429,15.476190476190476,0.0,0.0,75.0,25.0,0.0,20.238095238095234
E0871,22.857142857142858,54.285714285714285,22.857142857142858,0.0,33.33333333333333,33.33333333333333,33.33333333333333,0.0,20.95238095238095
E0872,20.0,60.0,20.0,0.0,50.0,50.0,0.0,0.0,30.0
E0873,25.0,65.0,10.0,0.0,0.0,100.0,0.0,0.0,35.0
E0874,0.0,23.809523809523807,69.84126984126983,6.349206349206349,0.0,20.0,80.0,0.0,10.15873015873016
E0875,22.058823529411764,63.23529411764706,14.705882352941178,0.0,0.0,50.0,50.0,0.0,35.294117647058826
E0876,0.0,87.5,12.5,0.0,0.0,100.0,0.0,0.0,12.5
E0877,0.0,19.148936170212767,63.829787234042556,17.02127659574468,0.0,14.285714285714285,85.71428571428571,0.0,21.88449848024316
E0878,6.0606060606060606,72.72727272727273,21.21212121212121,0.0,0.0,66.66666666666666,33.33333333333333,0.0,12.121212121212128
E0879,81.15942028985508,18.84057971014493,0.0,0.0,71.42857142857143,28.57142857142857,0.0,0.0,9.730848861283643
E0881,0.0,18.421052631578945,68.42105263157895,13.157894736842104,0.0,0.0,100.0,0.0,31.57894736842105
E0882,15.384615384615385,66.66666666666666,17.94871794871795,0.0,0.0,100.0,0.0,0.0,33.33333333333334
E0884,18.461538461538463,66.15384615384615,15.384615384615385,0.0,0.0,100.0,0.0,0.0,33.846153846153854
E0885,14.705882352941178,76.47058823529412,8.823529411764707,0.0,20.0,60.0,20.0,0.0,16.470588235294116
E0886,72.5,27.500000000000004,0.0,0.0,83.33333333333334,16.666666666666664,0.0,0.0,10.833333333333341
E0887,12.698412698412698,71.42857142857143,15.873015873015872,0.0,16.666666666666664,83.33333333333334,0.0,0.0,15.873015873015875
E0888,0.0,8.571428571428571,71.42857142857143,20.0,0.0,0.0,100.0,0.0,28.57142857142857
E0889,15.492957746478872,70.4225352112676,14.084507042253522,0.0,0.0,100.0,0.0,0.0,29.577464788732396
E0890,25.0,60.0,15.0,0.0,33.33333333333333,66.66666666666666,0.0,0.0,14.999999999999993
E0891,18.461538461538463,70.76923076923077,10.76923076923077,0.0,37.5,62.5,0.0,0.0,19.03846153846154
E0893,0.0,21.428571428571427,59.523809523809526,19.047619047619047,0.0,50.0,50.0,0.0,28.571428571428577
E0895,20.689655172413794,65.51724137931035,13.793103448275861,0.0,60.0,40.0,0.0,0.0,39.310344827586206
E0897,19.17808219178082,58.9041095890411,21.91780821917808,0.0,50.0,0.0,50.0,0.0,58.9041095890411
E0898,12.280701754385964,73.68421052631578,14.035087719298245,0.0,0.0,80.0,20.0,0.0,12.28070175438597
E0899,81.70731707317073,18.29268292682927,0.0,0.0,85.71428571428571,14.285714285714285,0.0,0.0,4.006968641114982
E0902,8.571428571428571,62.857142857142854,28.57142857142857,0.0,0.0,100.0,0.0,0.0,37.14285714285714
E0903,0.0,10.44776119402985,77.61194029850746,11.940298507462686,0.0,12.5,87.5,0.0,11.940298507462686
E0904,78.37837837837837,21.62162162162162,0.0,0.0,100.0,0.0,0.0,0.0,21.621621621621625
E0905,20.689655172413794,67.24137931034483,12.068965517241379,0.0,25.0,75.0,0.0,0.0,12.06896551724138
E0906,14.285714285714285,65.71428571428571,20.0,0.0,28.57142857142857,71.42857142857143,0.0,0.0,20.000000000000004
E0907,14.705882352941178,70.58823529411765,14.705882352941178,0.0,50.0,0.0,50.0,0.0,70.58823529411765
E0908,9.45945945945946,79.72972972972973,10.81081081081081,0.0,12.5,87.5,0.0,0.0,10.810810810810812
E0909,8.823529411764707,79.41176470588235,11.76470588235294,0.0,0.0,100.0,0.0,0.0,20.58823529411765
E0910,90.0,10.0,0.0,0.0,100.0,0.0,0.0,0.0,10.0
E0911,9.523809523809524,73.80952380952381,16.666666666666664,0.0,33.33333333333333,33.33333333333333,33.33333333333333,0.0,40.47619047619047
E0912,91.42857142857143,8.571428571428571,0.0,0.0,100.0,0.0,0.0,0.0,8.57142857142857
E0913,11.428571428571429,65.71428571428571,22.857142857142858,0.0,14.285714285714285,57.14285714285714,28.57142857142857,0.0,8.57142857142857
E0914,14.705882352941178,70.58823529411765,14.705882352941178,0.0,0.0,100.0,0.0,0.0,29.411764705882348
E0917,12.195121951219512,65.85365853658537,21.951219512195124,0.0,0.0,100.0,0.0,0.0,34.14634146341463
E0918,0.0,17.647058823529413,55.88235294117647,26.47058823529412,0.0,20.0,80.0,0.0,26.470588235294116
E0919,10.0,72.5,17.5,0.0,0.0,100.0,0.0,0.0,27.5
E0920,8.823529411764707,58.82352941176471,32.35294117647059,0.0,0.0,0.0,100.0,0.0,67.64705882352942
E0921,0.0,9.433962264150944,73.58490566037736,16.9811320754717,0.0,0.0,66.66666666666666,33.33333333333333,16.352201257861637
E0922,17.647058823529413,67.64705882352942,14.705882352941178,0.0,28.57142857142857,57.14285714285714,14.285714285714285,0.0,10.924369747899165
E0923,84.375,15.625,0.0,0.0,50.0,50.0,0.0,0.0,34.375
E0924,15.714285714285714,71.42857142857143,12.857142857142856,0.0,14.285714285714285,71.42857142857143,14.285714285714285,0.0,1.4285714285714288
E0925,0.0,10.526315789473683,71.05263157894737,18.421052631578945,0.0,0.0,100.0,0.0,28.94736842105263
E0926,5.405405405405405,75.67567567567568,18.91891891891892,0.0,0.0,100.0,0.0,0.0,24.324324324324323
E0927,33.33333333333333,16.666666666666664,50.0,0.0,0.0,100.0,0.0,0.0,83.33333333333334
E0928,89.1891891891892,10.81081081081081,0.0,0.0,100.0,0.0,0.0,0.0,10.810810810810809
E0929,96.7741935483871,3.225806451612903,0.0,0.0,100.0,0.0,0.0,0.0,3.2258064516129
E0930,16.216216216216218,56.75675675675676,27.027027027027028,0.0,50.0,50.0,0.0,0.0,33.78378378378378
E0931,15.384615384615385,65.38461538461539,19.230769230769234,0.0,0.0,100.0,0.0,0.0,34.61538461538461
E0932,86.66666666666667,13.333333333333334,0.0,0.0,87.5,12.5,0.0,0.0,0.8333333333333313
E0933,0.0,10.0,67.5,22.5,0.0,25.0,75.0,0.0,22.5
E0934,0.0,5.714285714285714,62.857142857142854,31.428571428571427,0.0,0.0,100.0,0.0,37.142857142857146
E0935,14.285714285714285,73.80952380952381,11.904761904761903,0.0,100.0,0.0,0.0,0.0,85.71428571428571
E0936,0.0,8.450704225352112,73.23943661971832,18.30985915492958,0.0,20.0,70.0,10.0,11.549295774647893
E0937,85.0,15.0,0.0,0.0,85.71428571428571,14.285714285714285,0.0,0.0,0.7142857142857117
E0938,19.753086419753085,62.96296296296296,17.28395061728395,0.0,40.0,60.0,0.0,0.0,20.24691358024691
E0939,20.588235294117645,55.88235294117647,23.52941176470588,0.0,16.666666666666664,83.33333333333334,0.0,0.0,27.450980392156865
E0941,0.0,11.11111111111111,66.66666666666666,22.22222222222222,0.0,0.0,50.0,50.0,27.77777777777777
E0942,10.526315789473683,73.68421052631578,15.789473684210526,0.0,0.0,100.0,0.0,0.0,26.315789473684216
E0943,0.0,8.823529411764707,73.52941176470588,17.647058823529413,0.0,0.0,100.0,0.0,26.47058823529412
E0944,85.45454545454545,14.545454545454545,0.0,0.0,50.0,50.0,0.0,0.0,35.45454545454545
E0945,0.0,33.33333333333333,66.66666666666666,0.0,0.0,0.0,100.0,0.0,33.333333333333336
E0946,0.0,33.33333333333333,60.0,6.666666666666667,0.0,50.0,50.0,0.0,16.666666666666668
E0948,13.157894736842104,73.68421052631578,13.157894736842104,0.0,50.0,50.0,0.0,0.0,36.84210526315789
E0950,19.047619047619047,59.523809523809526,21.428571428571427,0.0,0.0,75.0,25.0,0.0,19.047619047619044
E0951,2.7027027027027026,75.67567567567568,21.62162162162162,0.0,0.0,50.0,50.0,0.0,28.37837837837838
E0952,13.88888888888889,66.66666666666666,19.444444444444446,0.0,50.0,50.0,0.0,0.0,36.11111111111111
E0953,0.0,11.11111111111111,64.44444444444444,24.444444444444443,0.0,50.0,50.0,0.0,38.888888888888886
E0954,15.151515151515152,54.54545454545454,30.303030303030305,0.0,33.33333333333333,0.0,66.66666666666666,0.0,54.54545454545453
E0955,13.157894736842104,57.89473684210527,28.947368421052634,0.0,20.0,60.0,20.0,0.0,8.94736842105263
E0956,0.0,20.0,60.0,20.0,0.0,33.33333333333333,33.33333333333333,33.33333333333333,26.666666666666664
E0957,0.0,16.216216216216218,70.27027027027027,13.513513513513514,0.0,25.0,25.0,50.0,45.270270270270274
E0958,87.87878787878788,12.121212121212121,0.0,0.0,75.0,25.0,0.0,0.0,12.878787878787877
E0959,0.0,12.087912087912088,70.32967032967034,17.582417582417584,0.0,10.0,60.0,30.0,12.41758241758242
E0960,91.22807017543859,8.771929824561402,0.0,0.0,100.0,0.0,0.0,0.0,8.771929824561408
E0961,0.0,12.195121951219512,75.60975609756098,12.195121951219512,0.0,0.0,66.66666666666666,33.33333333333333,21.138211382113823
E0962,20.930232558139537,65.11627906976744,13.953488372093023,0.0,14.285714285714285,85.71428571428571,0.0,0.0,20.59800664451827
E0963,92.3076923076923,7.6923076923076925,0.0,0.0,100.0,0.0,0.0,0.0,7.692307692307693
E0964,11.76470588235294,82.35294117647058,5.88235294117647,0.0,0.0,100.0,0.0,0.0,17.647058823529417
E0965,17.857142857142858,78.57142857142857,3.571428571428571,0.0,0.0,100.0,0.0,0.0,21.42857142857143
E0966,17.647058823529413,61.76470588235294,20.588235294117645,0.0,33.33333333333333,33.33333333333333,33.33333333333333,0.0,28.431372549019606
E0967,83.33333333333334,16.666666666666664,0.0,0.0,50.0,50.0,0.0,0.0,33.33333333333334
E0968,12.307692307692308,63.07692307692307,24.615384615384617,0.0,20.0,40.0,40.0,0.0,23.076923076923073
E0969,0.0,18.421052631578945,52.63157894736842,28.947368421052634,0.0,0.0,66.66666666666666,33.33333333333333,18.421052631578938
E0970,19.35483870967742,64.51612903225806,16.129032258064516,0.0,28.57142857142857,71.42857142857143,0.0,0.0,16.129032258064516
E0971,24.324324324324326,67.56756756756756,8.108108108108109,0.0,40.0,40.0,20.0,0.0,27.567567567567565
E0973,90.9090909090909,9.090909090909092,0.0,0.0,80.0,20.0,0.0,0.0,10.909090909090907
E0974,0.0,23.18840579710145,65.21739130434783,11.594202898550725,0.0,33.33333333333333,66.66666666666666,0.0,11.594202898550716
E0975,0.0,32.0,42.0,26.0,0.0,33.33333333333333,66.66666666666666,0.0,25.999999999999993
E0976,12.5,72.91666666666666,14.583333333333334,0.0,0.0,100.0,0.0,0.0,27.08333333333334
E0977,12.727272727272727,69.0909090909091,18.181818181818183,0.0,40.0,40.0,20.0,0.0,29.090909090909093
E0978,0.0,0.0,100.0,0.0,0.0,0.0,100.0,0.0,0.0
E0979,7.6923076923076925,76.92307692307693,15.384615384615385,0.0,22.22222222222222,44.44444444444444,33.33333333333333,0.0,32.47863247863248
E0980,0.0,17.1875,68.75,14.0625,0.0,37.5,37.5,25.0,31.25
E0982,0.0,9.375,75.0,15.625,0.0,16.666666666666664,83.33333333333334,0.0,15.625000000000004
E0983,26.47058823529412,50.0,23.52941176470588,0.0,100.0,0.0,0.0,0.0,73.52941176470588
E0984,18.181818181818183,63.63636363636363,18.181818181818183,0.0,0.0,0.0,100.0,0.0,81.81818181818181
E0985,0.0,23.684210526315788,63.1578947368421,13.157894736842104,0.0,25.0,50.0,25.0,13.157894736842106
E0986,21.666666666666668,56.666666666666664,21.666666666666668,0.0,50.0,0.0,50.0,0.0,56.666666666666664
E0988,22.58064516129032,64.51612903225806,12.903225806451612,0.0,0.0,100.0,0.0,0.0,35.483870967741936
E0989,12.727272727272727,65.45454545454545,21.818181818181817,0.0,0.0,80.0,20.0,0.0,14.545454545454545
E0990,15.517241379310345,60.3448275862069,24.137931034482758,0.0,20.0,80.0,0.0,0.0,24.137931034482758
E0991,80.0,20.0,0.0,0.0,100.0,0.0,0.0,0.0,20.0
E0992,81.57894736842105,18.421052631578945,0.0,0.0,100.0,0.0,0.0,0.0,18.421052631578945
E0993,20.588235294117645,55.88235294117647,23.52941176470588,0.0,16.666666666666664,83.33333333333334,0.0,0.0,27.450980392156865
E0994,0.0,12.82051282051282,60.256410256410255,26.923076923076923,0.0,0.0,100.0,0.0,39.743589743589745
E0995,9.30232558139535,74.4186046511628,16.27906976744186,0.0,0.0,75.0,25.0,0.0,9.302325581395348
E0996,12.903225806451612,59.67741935483871,27.419354838709676,0.0,0.0,100.0,0.0,0.0,40.32258064516129
E0997,11.627906976744185,65.11627906976744,23.25581395348837,0.0,0.0,66.66666666666666,33.33333333333333,0.0,11.627906976744178
E0998,95.45454545454545,4.545454545454546,0.0,0.0,83.33333333333334,16.666666666666664,0.0,0.0,12.121212121212114
E0999,11.627906976744185,67.44186046511628,20.930232558139537,0.0,20.0,80.0,0.0,0.0,20.930232558139537
E1000,90.9090909090909,9.090909090909092,0.0,0.0,88.88888888888889,11.11111111111111,0.0,0.0,2.02020202020202
