employee_id,department,work_mode,preferred_floor,preferred_zone,preferred_start_hour,preferred_room_type,typical_capacity,typical_duration_minutes,preferred_flexibility_minutes
E0001,Operations,Office,2,Open,9,Meeting,4,90,120
E0002,Finance,Remote,1,Open,9,Meeting,4,75,60
E0003,Sales,Remote,5,Open,9,Meeting,4,60,30
E0004,Operations,Hybrid,1,Open,9,Meeting,6,105,0
E0005,HR,Remote,5,Collaborative,9,Meeting,10,105,30
E0006,Sales,Hybrid,3,Open,10,Conference,6,45,0
E0007,Sales,Hybrid,4,Quiet,10,Conference,10,30,0
E0008,Operations,Hybrid,3,Collaborative,10,Meeting,8,90,30
E0009,Engineering,Remote,2,Open,8,Training,4,90,30
E0010,HR,Hybrid,1,Collaborative,8,Meeting,10,120,30
E0011,Operations,Hybrid,5,Open,9,Conference,4,90,0
E0012,HR,Office,5,Open,9,Meeting,4,75,30
E0013,HR,Hybrid,1,Open,9,Meeting,6,60,0
E0014,Sales,Hybrid,1,Open,8,Conference,4,30,120
E0015,Finance,Hybrid,2,Collaborative,9,Conference,2,60,30
E0016,HR,Hybrid,3,Collaborative,8,Training,8,60,60
E0017,Marketing,Hybrid,5,Collaborative,10,Conference,6,75,15
E0018,Sales,Hybrid,2,Collaborative,9,Focus,6,75,0
E0019,Engineering,Office,3,Open,9,Meeting,16,90,120
E0020,Finance,Hybrid,2,Open,8,Meeting,8,60,15
E0021,Marketing,Hybrid,5,Open,9,Meeting,12,75,30
E0022,Marketing,Remote,1,Collaborative,9,Meeting,2,30,30
E0023,Engineering,Hybrid,1,Quiet,10,Conference,8,60,0
E0024,Finance,Office,3,Collaborative,10,Conference,12,90,60
E0025,Sales,Hybrid,4,Quiet,9,Meeting,8,75,30
E0026,AI,Hybrid,3,Open,10,Focus,8,120,15
E0027,Finance,Hybrid,4,Collaborative,10,Training,4,60,0
E0028,Engineering,Hybrid,2,Quiet,10,Meeting,2,60,0
E0029,Marketing,Hybrid,2,Quiet,10,Meeting,6,60,60
E0030,Sales,Hybrid,5,Open,9,Meeting,4,60,60
E0031,Finance,Hybrid,4,Open,9,Meeting,12,90,15
E0032,AI,Hybrid,5,Collaborative,8,Meeting,4,75,0
E0033,AI,Hybrid,1,Quiet,8,Conference,16,90,60
E0034,HR,Hybrid,4,Collaborative,10,Meeting,16,45,30
E0035,HR,Hybrid,3,Collaborative,9,Meeting,4,90,30
E0036,Operations,Hybrid,1,Open,9,Focus,4,30,15
E0037,Engineering,Office,1,Open,10,Conference,12,90,15
E0038,Finance,Hybrid,3,Collaborative,10,Focus,16,60,60
E0039,Finance,Office,1,Quiet,10,Meeting,6,60,120
E0040,Operations,Office,4,Open,9,Meeting,4,60,0
E0041,Marketing,Hybrid,5,Collaborative,8,Conference,6,105,30
E0042,Marketing,Remote,1,Open,9,Meeting,8,30,30
E0043,Operations,Remote,4,Quiet,8,Meeting,4,60,30
E0044,Marketing,Hybrid,2,Collaborative,8,Conference,8,90,15
E0045,HR,Hybrid,4,Quiet,9,Conference,2,60,60
E0046,Finance,Office,5,Collaborative,10,Meeting,2,45,30
E0047,Operations,Office,4,Open,9,Conference,4,60,30
E0048,Finance,Hybrid,3,Collaborative,9,Meeting,4,60,15
E0049,AI,Hybrid,5,Quiet,9,Meeting,4,105,0
E0050,HR,Hybrid,2,Quiet,9,Meeting,6,90,0
E0051,Sales,Hybrid,3,Collaborative,8,Meeting,4,60,60
E0052,HR,Office,4,Quiet,10,Meeting,4,120,0
E0053,Operations,Hybrid,5,Quiet,9,Focus,4,60,60
E0054,Sales,Hybrid,2,Open,10,Conference,16,30,15
E0055,AI,Office,3,Collaborative,8,Conference,6,60,30
E0056,Operations,Hybrid,2,Quiet,10,Meeting,6,60,30
E0057,Engineering,Hybrid,4,Open,9,Meeting,8,45,15
E0058,Finance,Office,2,Quiet,9,Meeting,16,105,0
E0059,AI,Remote,1,Open,9,Meeting,4,90,15
E0060,Finance,Hybrid,3,Collaborative,10,Meeting,8,60,60
E0061,Marketing,Hybrid,2,Open,9,Training,8,75,60
E0062,Engineering,Hybrid,4,Open,9,Conference,8,90,15
E0063,Engineering,Hybrid,4,Open,10,Conference,2,105,30
E0064,AI,Hybrid,2,Open,10,Conference,8,90,0
E0065,Engineering,Hybrid,4,Quiet,9,Focus,2,60,15
E0066,Sales,Hybrid,5,Open,9,Meeting,8,90,0
E0067,Engineering,Hybrid,5,Collaborative,9,Meeting,8,75,60
E0068,Finance,Hybrid,5,Collaborative,9,Meeting,4,75,15
E0069,Finance,Hybrid,1,Collaborative,9,Training,10,30,15
E0070,Operations,Hybrid,2,Collaborative,10,Focus,2,45,15
E0071,Finance,Hybrid,1,Quiet,10,Meeting,10,60,0
E0072,Operations,Hybrid,4,Collaborative,9,Training,6,60,30
E0073,Finance,Remote,1,Collaborative,9,Training,4,30,0
E0074,Sales,Hybrid,4,Open,9,Meeting,2,90,0
E0075,Operations,Office,4,Open,10,Meeting,16,30,30
E0076,HR,Office,3,Collaborative,10,Meeting,2,75,15
E0077,Marketing,Hybrid,5,Collaborative,9,Focus,4,60,60
E0078,AI,Hybrid,4,Quiet,10,Meeting,4,120,30
E0079,Finance,Hybrid,3,Quiet,9,Training,8,60,15
E0080,Engineering,Hybrid,5,Quiet,9,Meeting,6,30,60
E0081,Finance,Office,4,Collaborative,8,Conference,2,75,0
E0082,Engineering,Hybrid,4,Quiet,9,Meeting,4,90,30
E0083,Marketing,Hybrid,1,Open,9,Conference,4,120,30
E0084,Marketing,Hybrid,1,Collaborative,9,Training,4,60,15
E0085,Marketing,Hybrid,5,Collaborative,9,Training,6,60,30
E0086,Engineering,Office,4,Collaborative,10,Training,8,90,60
E0087,Finance,Hybrid,2,Quiet,8,Meeting,4,45,120
E0088,Marketing,Hybrid,1,Collaborative,9,Conference,4,75,30
E0089,Sales,Remote,5,Open,9,Meeting,4,60,30
E0090,Operations,Office,4,Collaborative,9,Meeting,16,30,15
E0091,Engineering,Hybrid,4,Collaborative,9,Conference,16,60,15
E0092,Engineering,Hybrid,2,Open,9,Meeting,10,60,30
E0093,Finance,Hybrid,5,Open,8,Conference,4,75,15
E0094,Engineering,Hybrid,4,Open,9,Focus,2,105,120
E0095,Engineering,Hybrid,1,Collaborative,9,Meeting,4,60,15
E0096,Marketing,Hybrid,2,Open,8,Conference,4,90,15
E0097,Finance,Hybrid,5,Quiet,9,Meeting,6,30,15
E0098,Marketing,Hybrid,2,Collaborative,9,Meeting,10,60,60
E0099,Operations,Remote,1,Quiet,9,Meeting,12,30,60
E0100,Operations,Hybrid,5,Collaborative,10,Focus,10,105,30
E0101,Marketing,Hybrid,2,Collaborative,8,Training,4,90,15
E0102,Operations,Hybrid,3,Quiet,8,Focus,8,75,60
E0103,Finance,Remote,1,Open,10,Focus,4,90,0
E0104,AI,Hybrid,1,Open,9,Meeting,2,75,60
E0105,Marketing,Hybrid,1,Open,9,Meeting,8,120,30
E0106,Sales,Remote,3,Collaborative,10,Conference,2,90,15
E0107,Sales,Remote,3,Open,10,Conference,6,105,30
E0108,Engineering,Office,4,Quiet,10,Meeting,4,60,60
E0109,Operations,Hybrid,2,Open,9,Meeting,8,30,0
E0110,Sales,Hybrid,4,Quiet,9,Conference,10,60,60
E0111,Engineering,Office,2,Open,9,Conference,4,45,30
E0112,AI,Remote,3,Quiet,8,Meeting,10,75,15
E0113,Finance,Hybrid,3,Open,9,Conference,4,60,0
E0114,Finance,Hybrid,4,Open,9,Conference,6,75,30
E0115,Finance,Hybrid,5,Quiet,10,Conference,8,30,30
E0116,Sales,Office,4,Collaborative,9,Meeting,8,45,30
E0117,AI,Hybrid,2,Open,9,Conference,16,60,60
E0118,Sales,Hybrid,4,Collaborative,9,Meeting,4,120,30
E0119,Operations,Hybrid,1,Open,8,Meeting,8,60,120
E0120,Sales,Hybrid,2,Collaborative,8,Training,8,60,30
E0121,AI,Hybrid,2,Collaborative,9,Conference,12,90,60
E0122,AI,Hybrid,5,Quiet,8,Meeting,4,75,0
E0123,Operations,Office,3,Quiet,9,Conference,10,60,15
E0124,AI,Hybrid,2,Open,10,Conference,8,60,15
E0125,AI,Hybrid,3,Collaborative,10,Training,4,45,30
E0126,Finance,Hybrid,4,Collaborative,9,Conference,6,120,60
E0127,Operations,Hybrid,1,Collaborative,9,Conference,4,45,0
E0128,HR,Hybrid,5,Collaborative,10,Conference,8,60,0
E0129,HR,Hybrid,3,Open,10,Meeting,12,30,60
E0130,AI,Hybrid,2,Open,8,Meeting,8,45,15
E0131,HR,Hybrid,3,Collaborative,9,Meeting,8,90,60
E0132,HR,Hybrid,2,Open,9,Conference,6,45,30
E0133,AI,Remote,3,Open,10,Conference,2,30,60
E0134,HR,Hybrid,2,Collaborative,10,Meeting,4,60,0
E0135,Sales,Office,4,Open,8,Meeting,6,30,0
E0136,Engineering,Hybrid,2,Quiet,10,Conference,4,30,30
E0137,Operations,Office,2,Quiet,9,Meeting,4,90,120
E0138,Engineering,Office,1,Open,10,Conference,6,90,30
E0139,AI,Hybrid,2,Collaborative,9,Meeting,4,105,15
E0140,Finance,Hybrid,1,Open,10,Conference,4,90,30
E0141,Operations,Hybrid,5,Open,8,Focus,6,75,120
E0142,AI,Hybrid,1,Quiet,9,Meeting,2,30,60
E0143,Finance,Remote,4,Open,8,Conference,12,90,120
E0144,Engineering,Office,1,Collaborative,10,Meeting,12,90,0
E0145,AI,Remote,5,Collaborative,10,Conference,8,90,0
E0146,Operations,Hybrid,4,Open,10,Conference,2,60,30
E0147,Operations,Office,3,Open,10,Meeting,10,45,60
E0148,Marketing,Remote,3,Quiet,8,Conference,10,90,15
E0149,Sales,Hybrid,1,Collaborative,9,Training,10,90,15
E0150,HR,Hybrid,1,Open,8,Meeting,2,120,60
E0151,Finance,Office,5,Open,9,Meeting,8,45,0
E0152,Marketing,Hybrid,5,Open,9,Training,10,45,15
E0153,HR,Office,2,Quiet,9,Conference,8,45,30
E0154,HR,Hybrid,5,Quiet,9,Training,8,90,30
E0155,AI,Office,2,Collaborative,8,Conference,6,45,60
E0156,HR,Hybrid,4,Open,8,Training,6,30,15
E0157,Sales,Hybrid,1,Quiet,8,Meeting,2,120,30
E0158,Operations,Hybrid,4,Quiet,10,Conference,8,30,30
E0159,Marketing,Office,5,Open,10,Focus,2,90,30
E0160,HR,Office,4,Quiet,10,Conference,6,60,30
E0161,AI,Hybrid,4,Open,9,Meeting,4,90,15
E0162,Sales,Hybrid,4,Open,9,Meeting,6,75,0
E0163,Engineering,Remote,5,Open,10,Meeting,2,90,0
E0164,Operations,Hybrid,4,Quiet,9,Meeting,8,105,15
E0165,Operations,Office,2,Quiet,9,Meeting,10,30,30
E0166,Marketing,Hybrid,5,Open,9,Conference,4,30,60
E0167,Operations,Hybrid,4,Open,8,Conference,2,60,60
E0168,HR,Hybrid,5,Open,9,Meeting,2,75,60
E0169,AI,Hybrid,3,Quiet,9,Conference,12,90,15
E0170,Operations,Office,2,Open,9,Meeting,6,60,30
E0171,Operations,Hybrid,4,Open,8,Meeting,6,75,15
E0172,Engineering,Hybrid,3,Open,9,Meeting,2,45,0
E0173,Engineering,Remote,3,Open,10,Conference,8,90,0
E0174,Finance,Hybrid,5,Open,8,Meeting,12,120,30
E0175,Sales,Hybrid,3,Open,9,Meeting,10,60,120
E0176,HR,Remote,2,Quiet,10,Meeting,8,60,0
E0177,Operations,Office,2,Collaborative,8,Training,2,30,0
E0178,Operations,Hybrid,1,Quiet,8,Meeting,2,75,60
E0179,AI,Remote,2,Collaborative,9,Conference,2,60,15
E0180,Finance,Office,3,Collaborative,9,Conference,4,45,60
E0181,Sales,Hybrid,2,Quiet,9,Training,2,60,60
E0182,Finance,Hybrid,5,Collaborative,10,Focus,4,60,120
E0183,Marketing,Office,1,Quiet,8,Meeting,4,60,30
E0184,Sales,Office,3,Open,9,Meeting,12,75,60
E0185,Operations,Hybrid,1,Open,9,Training,8,30,30
E0186,Operations,Remote,3,Quiet,8,Conference,10,90,30
E0187,Sales,Office,5,Open,9,Conference,8,90,30
E0188,Operations,Hybrid,1,Collaborative,9,Conference,2,60,0
E0189,HR,Hybrid,4,Quiet,9,Conference,8,30,30
E0190,Sales,Hybrid,3,Quiet,8,Focus,4,90,30
E0191,Finance,Office,4,Collaborative,9,Focus,8,120,60
E0192,Sales,Hybrid,1,Open,9,Conference,4,60,60
E0193,Operations,Hybrid,4,Open,10,Meeting,16,60,60
E0194,HR,Office,4,Quiet,8,Training,4,45,0
E0195,HR,Remote,1,Quiet,9,Meeting,4,75,60
E0196,Marketing,Hybrid,5,Collaborative,9,Meeting,12,45,30
E0197,Finance,Office,4,Quiet,9,Training,2,60,60
E0198,Engineering,Hybrid,4,Quiet,9,Meeting,8,75,120
E0199,Engineering,Office,5,Quiet,9,Meeting,8,75,0
E0200,Sales,Hybrid,4,Open,10,Meeting,10,60,60
E0201,Marketing,Hybrid,4,Open,10,Training,16,60,0
E0202,AI,Office,4,Collaborative,9,Conference,16,75,15
E0203,Sales,Hybrid,2,Open,9,Conference,2,30,30
E0204,Marketing,Hybrid,5,Collaborative,10,Meeting,10,30,0
E0205,Finance,Office,4,Collaborative,10,Training,8,90,60
E0206,Finance,Office,5,Quiet,10,Training,8,30,0
E0207,Finance,Office,3,Open,9,Meeting,2,75,0
E0208,Finance,Office,3,Open,8,Meeting,8,105,30
E0209,Finance,Hybrid,4,Open,9,Meeting,16,60,60
E0210,Marketing,Hybrid,5,Collaborative,9,Focus,12,60,120
E0211,Marketing,Hybrid,5,Open,9,Conference,6,75,60
E0212,HR,Hybrid,5,Quiet,9,Focus,2,90,60
E0213,Engineering,Remote,2,Open,10,Meeting,4,105,15
E0214,Operations,Hybrid,3,Collaborative,9,Training,10,90,0
E0215,Finance,Hybrid,5,Collaborative,10,Training,8,30,0
E0216,AI,Hybrid,5,Collaborative,9,Conference,6,75,30
E0217,Operations,Remote,2,Open,9,Focus,2,60,60
E0218,Marketing,Hybrid,2,Quiet,9,Meeting,6,60,30
E0219,AI,Hybrid,5,Open,10,Meeting,6,30,60
E0220,AI,Hybrid,1,Quiet,8,Conference,12,45,30
E0221,AI,Office,5,Open,8,Conference,8,90,0
E0222,HR,Hybrid,5,Open,10,Conference,4,60,0
E0223,Marketing,Remote,2,Open,8,Meeting,6,60,60
E0224,AI,Remote,2,Collaborative,9,Conference,2,60,60
E0225,Finance,Hybrid,5,Collaborative,9,Meeting,16,90,60
E0226,Sales,Office,5,Quiet,9,Meeting,4,90,0
E0227,AI,Remote,5,Open,9,Conference,6,60,120
E0228,HR,Office,2,Quiet,9,Conference,4,30,15
E0229,Operations,Hybrid,5,Collaborative,9,Meeting,8,60,0
E0230,Marketing,Hybrid,5,Quiet,9,Meeting,8,105,120
E0231,HR,Office,4,Quiet,9,Meeting,8,75,15
E0232,AI,Hybrid,1,Open,8,Meeting,4,60,60
E0233,Marketing,Office,3,Quiet,9,Training,4,75,0
E0234,Sales,Remote,1,Open,8,Focus,2,60,30
E0235,AI,Remote,4,Collaborative,9,Meeting,8,90,120
E0236,HR,Hybrid,3,Quiet,9,Training,2,60,15
E0237,Engineering,Hybrid,5,Collaborative,8,Training,8,30,60
E0238,Finance,Remote,4,Quiet,10,Training,12,45,0
E0239,Operations,Office,5,Quiet,9,Meeting,12,60,30
E0240,HR,Hybrid,2,Open,10,Focus,6,105,15
E0241,Marketing,Remote,4,Quiet,10,Meeting,6,60,15
E0242,AI,Remote,2,Open,9,Meeting,2,90,15
E0243,Finance,Hybrid,4,Quiet,8,Meeting,8,90,0
E0244,AI,Hybrid,4,Quiet,9,Conference,10,60,120
E0245,Marketing,Hybrid,2,Open,10,Meeting,4,30,15
E0246,AI,Hybrid,3,Collaborative,9,Meeting,6,30,15
E0247,Engineering,Hybrid,1,Quiet,8,Meeting,10,90,30
E0248,Finance,Office,5,Collaborative,9,Training,12,45,15
E0249,Finance,Hybrid,4,Quiet,10,Training,4,60,60
E0250,Marketing,Hybrid,5,Open,10,Meeting,8,60,120
E0251,Operations,Hybrid,2,Collaborative,8,Training,4,90,30
E0252,Engineering,Hybrid,5,Open,9,Training,2,30,60
E0253,HR,Remote,2,Open,9,Training,12,60,30
E0254,AI,Hybrid,5,Collaborative,9,Meeting,10,60,0
E0255,Sales,Hybrid,1,Open,10,Conference,10,75,60
E0256,AI,Office,1,Collaborative,9,Focus,2,90,30
E0257,AI,Hybrid,1,Open,9,Conference,10,45,60
E0258,HR,Hybrid,1,Quiet,8,Meeting,6,90,60
E0259,AI,Hybrid,1,Open,10,Conference,4,75,30
E0260,Engineering,Hybrid,1,Collaborative,10,Conference,6,75,120
E0261,Engineering,Hybrid,2,Collaborative,9,Conference,2,75,60
E0262,Finance,Hybrid,4,Open,10,Meeting,10,60,30
E0263,Marketing,Hybrid,5,Open,8,Meeting,8,45,30
E0264,Operations,Remote,1,Quiet,9,Training,4,75,15
E0265,Sales,Hybrid,2,Quiet,9,Training,4,60,120
E0266,AI,Hybrid,2,Open,8,Meeting,4,75,60
E0267,AI,Office,2,Open,9,Focus,2,60,0
E0268,HR,Hybrid,4,Open,10,Meeting,8,90,15
E0269,Marketing,Office,5,Open,8,Conference,10,75,30
E0270,Engineering,Hybrid,4,Open,9,Training,2,30,0
E0271,Sales,Remote,3,Open,9,Training,2,60,0
E0272,Finance,Hybrid,2,Quiet,9,Focus,8,90,30
E0273,Engineering,Hybrid,3,Quiet,10,Meeting,10,90,15
E0274,Marketing,Hybrid,1,Open,9,Training,4,60,30
E0275,Operations,Remote,1,Open,9,Meeting,4,90,15
E0276,Finance,Hybrid,4,Quiet,10,Conference,8,60,0
E0277,Operations,Hybrid,5,Collaborative,8,Conference,4,60,60
E0278,HR,Hybrid,3,Open,9,Conference,2,90,30
E0279,HR,Office,5,Collaborative,9,Meeting,8,90,15
E0280,AI,Hybrid,4,Collaborative,9,Training,8,75,15
E0281,Operations,Remote,1,Collaborative,10,Meeting,8,90,30
E0282,Marketing,Hybrid,5,Quiet,10,Meeting,8,30,0
E0283,Sales,Hybrid,5,Collaborative,9,Conference,8,90,0
E0284,Finance,Hybrid,1,Collaborative,10,Conference,4,60,0
E0285,Engineering,Hybrid,3,Quiet,8,Training,4,45,60
E0286,Marketing,Hybrid,1,Open,8,Meeting,2,45,60
E0287,Marketing,Hybrid,5,Collaborative,9,Meeting,2,60,60
E0288,HR,Office,3,Open,9,Training,8,60,60
E0289,Operations,Hybrid,3,Open,9,Conference,12,60,60
E0290,AI,Hybrid,1,Quiet,9,Meeting,16,45,30
E0291,AI,Hybrid,5,Open,10,Conference,8,60,30
E0292,Finance,Hybrid,4,Collaborative,9,Conference,4,75,0
E0293,HR,Hybrid,5,Open,9,Conference,2,60,30
E0294,Marketing,Hybrid,2,Quiet,8,Conference,10,60,60
E0295,Sales,Hybrid,4,Open,8,Training,8,90,30
E0296,HR,Remote,3,Open,9,Training,8,90,15
E0297,Finance,Remote,4,Quiet,9,Conference,10,90,15
E0298,Finance,Hybrid,3,Quiet,10,Meeting,8,60,30
E0299,HR,Hybrid,3,Open,8,Training,10,90,60
E0300,Finance,Office,4,Open,8,Conference,2,45,60
E0301,HR,Hybrid,3,Collaborative,9,Conference,8,45,15
E0302,Engineering,Hybrid,3,Open,9,Meeting,12,60,60
E0303,HR,Hybrid,2,Collaborative,8,Training,4,90,30
E0304,Operations,Office,5,Open,9,Conference,8,60,60
E0305,HR,Office,5,Quiet,8,Meeting,4,30,30
E0306,Finance,Hybrid,2,Open,9,Meeting,16,45,30
E0307,Operations,Hybrid,4,Quiet,9,Training,2,90,30
E0308,Finance,Hybrid,1,Collaborative,8,Meeting,8,75,60
E0309,AI,Office,1,Quiet,9,Focus,4,60,120
E0310,AI,Hybrid,1,Quiet,10,Conference,8,75,0
E0311,Operations,Hybrid,2,Collaborative,9,Conference,4,60,0
E0312,Engineering,Office,2,Quiet,10,Meeting,4,75,120
E0313,AI,Hybrid,3,Open,8,Meeting,6,45,30
E0314,HR,Office,1,Quiet,10,Focus,12,90,30
E0315,Finance,Hybrid,4,Collaborative,9,Meeting,4,60,30
E0316,AI,Hybrid,4,Collaborative,9,Training,2,75,0
E0317,AI,Hybrid,1,Quiet,9,Meeting,10,30,60
E0318,Engineering,Office,1,Quiet,10,Meeting,6,60,60
E0319,Operations,Remote,1,Collaborative,9,Meeting,12,60,15
E0320,Operations,Office,2,Collaborative,8,Conference,2,75,15
E0321,Marketing,Hybrid,2,Collaborative,8,Focus,8,30,60
E0322,Engineering,Office,2,Collaborative,10,Meeting,4,90,0
E0323,HR,Hybrid,5,Collaborative,9,Meeting,4,45,60
E0324,Operations,Hybrid,4,Quiet,10,Meeting,8,75,15
E0325,Finance,Remote,4,Collaborative,9,Conference,8,90,30
E0326,Engineering,Hybrid,3,Open,9,Meeting,10,75,120
E0327,AI,Hybrid,2,Collaborative,8,Training,4,90,60
E0328,Finance,Hybrid,5,Open,10,Conference,6,75,30
E0329,Finance,Hybrid,5,Collaborative,9,Conference,6,60,60
E0330,AI,Hybrid,4,Open,10,Meeting,16,90,15
E0331,Engineering,Hybrid,2,Open,9,Focus,4,60,15
E0332,AI,Hybrid,3,Collaborative,9,Meeting,4,75,120
E0333,Marketing,Remote,2,Open,9,Meeting,4,90,60
E0334,Finance,Office,1,Quiet,9,Conference,8,60,30
E0335,Sales,Hybrid,2,Quiet,10,Conference,4,60,15
E0336,Sales,Hybrid,1,Open,10,Meeting,12,60,0
E0337,HR,Hybrid,1,Open,10,Meeting,4,90,0
E0338,Operations,Hybrid,3,Quiet,9,Training,12,105,30
E0339,AI,Hybrid,4,Quiet,9,Meeting,2,75,60
E0340,AI,Office,2,Quiet,9,Training,8,75,30
E0341,HR,Hybrid,1,Quiet,10,Conference,12,90,60
E0342,HR,Hybrid,2,Open,8,Meeting,4,30,0
E0343,HR,Hybrid,4,Collaborative,9,Conference,16,45,15
E0344,Finance,Hybrid,4,Collaborative,9,Meeting,6,75,15
E0345,Marketing,Remote,5,Collaborative,9,Training,12,90,30
E0346,AI,Office,4,Quiet,10,Conference,8,90,0
E0347,Finance,Hybrid,3,Quiet,9,Meeting,4,60,120
E0348,HR,Remote,1,Open,9,Conference,4,30,15
E0349,AI,Hybrid,5,Open,8,Focus,4,60,120
E0350,Finance,Remote,3,Open,9,Meeting,2,45,30
E0351,Marketing,Office,2,Quiet,9,Focus,2,60,120
E0352,Finance,Hybrid,1,Open,9,Meeting,2,90,30
E0353,Marketing,Hybrid,4,Open,10,Meeting,6,30,120
E0354,HR,Hybrid,1,Open,10,Meeting,10,90,0
E0355,Marketing,Hybrid,2,Collaborative,8,Meeting,2,60,60
E0356,AI,Office,5,Collaborative,9,Meeting,2,75,120
E0357,HR,Hybrid,5,Collaborative,10,Meeting,8,30,0
E0358,AI,Hybrid,5,Quiet,8,Focus,4,60,0
E0359,Sales,Office,4,Quiet,8,Training,2,30,30
E0360,Engineering,Remote,3,Quiet,8,Conference,4,120,120
E0361,Marketing,Hybrid,3,Collaborative,9,Meeting,12,90,30
E0362,Engineering,Hybrid,1,Open,8,Meeting,10,60,30
E0363,Engineering,Hybrid,4,Collaborative,10,Meeting,4,45,0
E0364,Marketing,Hybrid,5,Quiet,9,Conference,8,105,0
E0365,HR,Remote,5,Open,9,Focus,6,60,60
E0366,Sales,Hybrid,2,Open,9,Meeting,8,45,0
E0367,AI,Hybrid,2,Open,9,Meeting,8,75,30
E0368,Finance,Hybrid,5,Open,9,Conference,8,105,120
E0369,AI,Hybrid,5,Collaborative,10,Meeting,4,30,15
E0370,Finance,Office,4,Open,10,Meeting,2,45,60
E0371,AI,Office,3,Quiet,9,Conference,6,105,0
E0372,Marketing,Hybrid,2,Collaborative,10,Conference,12,45,30
E0373,Sales,Hybrid,3,Quiet,10,Meeting,8,30,0
E0374,Finance,Hybrid,4,Quiet,10,Meeting,10,75,60
E0375,Operations,Remote,5,Quiet,8,Focus,16,90,15
E0376,HR,Remote,3,Open,8,Meeting,4,60,30
E0377,AI,Hybrid,5,Open,9,Meeting,8,120,30
E0378,AI,Office,5,Collaborative,9,Meeting,8,75,0
E0379,Finance,Office,1,Quiet,9,Meeting,16,30,60
E0380,HR,Hybrid,3,Open,9,Meeting,16,120,15
E0381,HR,Remote,3,Open,10,Training,8,60,60
E0382,Marketing,Hybrid,5,Collaborative,10,Meeting,4,60,0
E0383,Operations,Hybrid,4,Open,10,Meeting,10,75,60
E0384,Marketing,Hybrid,1,Quiet,9,Conference,2,60,0
E0385,Marketing,Hybrid,5,Collaborative,9,Conference,10,30,30
E0386,Marketing,Hybrid,2,Open,9,Training,12,30,15
E0387,Marketing,Office,2,Quiet,8,Training,4,60,60
E0388,Marketing,Hybrid,1,Collaborative,8,Meeting,8,90,15
E0389,Sales,Office,4,Open,9,Training,6,75,60
E0390,HR,Hybrid,5,Open,9,Conference,6,120,60
E0391,Marketing,Hybrid,3,Quiet,10,Focus,4,60,0
E0392,HR,Hybrid,1,Quiet,8,Conference,10,60,30
E0393,HR,Hybrid,4,Quiet,9,Focus,12,45,0
E0394,Engineering,Office,3,Open,9,Training,12,45,15
E0395,Sales,Hybrid,2,Collaborative,9,Meeting,4,60,60
E0396,Marketing,Hybrid,2,Quiet,9,Conference,12,90,60
E0397,AI,Hybrid,3,Open,9,Focus,8,90,30
E0398,Finance,Office,1,Collaborative,9,Training,4,120,15
E0399,Operations,Remote,2,Quiet,9,Meeting,2,45,15
E0400,AI,Office,5,Collaborative,8,Conference,4,90,0
E0401,Sales,Hybrid,3,Open,8,Meeting,12,60,60
E0402,Finance,Hybrid,3,Quiet,9,Meeting,8,30,30
E0403,Sales,Hybrid,2,Quiet,10,Meeting,8,90,60
E0404,HR,Hybrid,1,Open,9,Meeting,4,75,15
E0405,Finance,Hybrid,5,Collaborative,9,Training,8,45,15
E0406,HR,Hybrid,1,Collaborative,9,Meeting,2,60,15
E0407,AI,Hybrid,4,Collaborative,10,Training,4,60,0
E0408,AI,Hybrid,4,Quiet,10,Meeting,8,90,15
E0409,Finance,Office,2,Quiet,9,Meeting,2,60,60
E0410,Finance,Hybrid,2,Collaborative,9,Meeting,10,120,60
E0411,Marketing,Hybrid,2,Quiet,10,Meeting,4,30,30
E0412,Sales,Office,4,Quiet,9,Meeting,8,60,30
E0413,Marketing,Hybrid,1,Open,9,Meeting,6,60,0
E0414,Sales,Office,1,Open,8,Conference,8,60,60
E0415,Marketing,Hybrid,2,Open,10,Meeting,2,60,0
E0416,HR,Hybrid,5,Open,10,Meeting,2,90,120
E0417,Finance,Office,1,Quiet,8,Meeting,12,90,30
E0418,AI,Office,4,Open,9,Training,4,105,15
E0419,Sales,Office,3,Quiet,9,Focus,10,90,120
E0420,Sales,Hybrid,3,Open,8,Conference,16,90,0
E0421,AI,Hybrid,3,Open,10,Meeting,4,75,30
E0422,Marketing,Hybrid,5,Open,9,Meeting,4,90,30
E0423,Sales,Hybrid,2,Open,8,Focus,8,60,15
E0424,Operations,Remote,4,Collaborative,9,Meeting,16,60,30
E0425,HR,Hybrid,5,Quiet,9,Meeting,12,60,60
E0426,Finance,Remote,4,Collaborative,8,Meeting,6,60,60
E0427,AI,Hybrid,4,Collaborative,9,Meeting,10,60,0
E0428,Finance,Hybrid,2,Quiet,9,Meeting,2,120,120
E0429,Operations,Hybrid,3,Open,8,Training,16,60,0
E0430,Sales,Remote,2,Open,8,Meeting,16,30,15
E0431,Sales,Office,5,Quiet,9,Conference,4,60,15
E0432,Operations,Office,5,Open,9,Meeting,4,30,0
E0433,AI,Office,5,Open,10,Meeting,2,30,0
E0434,HR,Office,2,Open,10,Focus,4,45,120
E0435,Engineering,Office,4,Open,10,Meeting,10,60,15
E0436,AI,Hybrid,4,Collaborative,9,Training,4,60,0
E0437,Engineering,Hybrid,1,Open,10,Conference,2,90,0
E0438,Operations,Hybrid,5,Open,9,Meeting,4,90,60
E0439,Marketing,Remote,4,Quiet,9,Focus,16,60,60
E0440,Engineering,Remote,1,Collaborative,8,Meeting,8,60,15
E0441,HR,Hybrid,4,Open,8,Training,6,60,0
E0442,Marketing,Office,5,Quiet,9,Meeting,4,90,15
E0443,Engineering,Remote,3,Open,9,Training,16,30,0
E0444,Operations,Hybrid,5,Open,9,Meeting,10,30,0
E0445,Marketing,Hybrid,2,Quiet,9,Conference,4,90,30
E0446,Operations,Remote,4,Collaborative,9,Training,2,60,15
E0447,Engineering,Hybrid,4,Open,9,Focus,2,45,30
E0448,Operations,Office,2,Collaborative,9,Focus,2,45,15
E0449,HR,Hybrid,2,Quiet,10,Training,8,105,120
E0450,Engineering,Remote,3,Quiet,10,Training,12,90,120
E0451,Engineering,Remote,4,Collaborative,9,Meeting,6,75,30
E0452,Engineering,Remote,4,Open,9,Meeting,10,60,15
E0453,AI,Hybrid,3,Quiet,9,Meeting,6,60,15
E0454,AI,Remote,1,Open,10,Meeting,8,120,30
E0455,AI,Office,3,Quiet,9,Meeting,8,120,60
E0456,HR,Hybrid,5,Collaborative,9,Conference,4,45,30
E0457,Marketing,Office,4,Open,8,Meeting,4,90,60
E0458,Operations,Hybrid,2,Open,9,Conference,8,45,120
E0459,Sales,Hybrid,5,Quiet,9,Meeting,2,45,15
E0460,Engineering,Hybrid,4,Collaborative,10,Meeting,4,75,30
E0461,Operations,Hybrid,3,Quiet,9,Conference,6,60,0
E0462,Engineering,Hybrid,5,Collaborative,9,Training,16,105,15
E0463,HR,Office,4,Open,10,Conference,6,30,30
E0464,Engineering,Hybrid,1,Quiet,10,Conference,10,60,15
E0465,AI,Office,1,Quiet,9,Meeting,6,105,60
E0466,Sales,Hybrid,2,Collaborative,9,Conference,10,90,0
E0467,Finance,Hybrid,4,Open,9,Meeting,8,45,30
E0468,Engineering,Hybrid,1,Open,10,Meeting,12,60,30
E0469,Operations,Office,3,Quiet,8,Meeting,6,75,60
E0470,AI,Hybrid,4,Open,10,Meeting,8,45,15
E0471,Finance,Office,3,Collaborative,9,Meeting,8,120,60
E0472,Sales,Remote,3,Collaborative,9,Focus,6,105,30
E0473,Finance,Office,1,Open,8,Focus,2,45,30
E0474,AI,Hybrid,4,Open,9,Meeting,2,45,0
E0475,Marketing,Hybrid,5,Open,9,Meeting,2,30,30
E0476,Marketing,Remote,1,Collaborative,8,Meeting,12,90,60
E0477,Finance,Hybrid,1,Collaborative,9,Meeting,4,45,30
E0478,HR,Remote,4,Open,10,Focus,4,60,60
E0479,Operations,Hybrid,4,Quiet,9,Meeting,8,60,30
E0480,Operations,Remote,3,Collaborative,9,Training,4,75,0
E0481,Finance,Office,4,Collaborative,8,Meeting,6,30,0
E0482,Engineering,Remote,3,Open,9,Focus,4,45,15
E0483,Engineering,Hybrid,1,Quiet,8,Meeting,16,105,60
E0484,Operations,Office,2,Quiet,9,Training,12,90,60
E0485,Operations,Hybrid,5,Open,10,Meeting,12,90,15
E0486,Marketing,Hybrid,1,Quiet,9,Conference,6,30,30
E0487,HR,Office,4,Collaborative,8,Meeting,10,60,30
E0488,AI,Remote,5,Quiet,9,Meeting,2,75,30
E0489,Engineering,Remote,2,Quiet,9,Focus,2,60,15
E0490,Operations,Office,2,Quiet,9,Focus,2,90,0
E0491,Marketing,Hybrid,3,Quiet,10,Training,8,75,0
E0492,Sales,Hybrid,5,Open,10,Conference,6,30,0
E0493,Marketing,Office,3,Quiet,9,Training,6,90,0
E0494,Engineering,Hybrid,1,Open,9,Meeting,2,120,0
E0495,Engineering,Hybrid,5,Collaborative,9,Meeting,6,30,30
E0496,Marketing,Hybrid,1,Collaborative,8,Meeting,8,60,15
E0497,AI,Hybrid,3,Collaborative,9,Conference,6,60,120
E0498,Finance,Hybrid,5,Collaborative,9,Meeting,8,60,0
E0499,Engineering,Hybrid,3,Open,9,Meeting,4,45,15
E0500,Marketing,Hybrid,5,Quiet,9,Conference,10,75,15
E0501,Operations,Hybrid,3,Collaborative,8,Training,8,120,0
E0502,Marketing,Remote,2,Open,9,Meeting,4,60,60
E0503,HR,Hybrid,3,Open,8,Meeting,4,30,0
E0504,Finance,Hybrid,2,Open,8,Meeting,8,75,120
E0505,Sales,Office,3,Collaborative,10,Meeting,10,60,60
E0506,AI,Hybrid,5,Open,8,Meeting,6,90,30
E0507,Sales,Remote,5,Collaborative,9,Conference,4,60,30
E0508,Finance,Office,5,Collaborative,8,Conference,12,45,60
E0509,Finance,Hybrid,4,Quiet,10,Conference,8,45,15
E0510,Finance,Hybrid,1,Collaborative,9,Meeting,6,90,30
E0511,Sales,Remote,5,Quiet,9,Training,6,60,0
E0512,Operations,Remote,2,Collaborative,9,Meeting,4,90,0
E0513,Finance,Hybrid,5,Open,9,Conference,8,45,30
E0514,Marketing,Office,4,Quiet,10,Training,4,60,30
E0515,Sales,Hybrid,2,Quiet,9,Meeting,16,60,60
E0516,Finance,Remote,4,Quiet,10,Meeting,6,105,0
E0517,Marketing,Hybrid,2,Open,10,Training,6,105,60
E0518,Operations,Remote,3,Collaborative,10,Meeting,8,45,15
E0519,HR,Office,1,Collaborative,9,Conference,12,60,15
E0520,Operations,Office,1,Open,9,Meeting,10,45,15
E0521,Finance,Hybrid,4,Open,9,Conference,6,60,30
E0522,Sales,Hybrid,1,Collaborative,10,Meeting,8,60,0
E0523,Engineering,Hybrid,4,Open,9,Meeting,8,90,30
E0524,Finance,Hybrid,4,Open,9,Conference,6,105,60
E0525,Engineering,Hybrid,4,Open,9,Meeting,4,60,30
E0526,Marketing,Office,1,Quiet,9,Meeting,6,60,30
E0527,HR,Hybrid,4,Open,10,Meeting,4,90,60
E0528,AI,Hybrid,1,Collaborative,8,Meeting,12,90,60
E0529,Operations,Remote,4,Quiet,10,Meeting,4,30,30
E0530,HR,Remote,5,Collaborative,9,Meeting,16,60,15
E0531,Finance,Remote,4,Quiet,10,Focus,6,60,60
E0532,Engineering,Remote,2,Quiet,9,Meeting,8,45,30
E0533,Operations,Hybrid,4,Open,9,Conference,6,45,15
E0534,Engineering,Hybrid,3,Quiet,10,Meeting,2,30,15
E0535,Sales,Office,4,Collaborative,9,Meeting,4,75,60
E0536,Engineering,Office,2,Collaborative,10,Focus,2,60,0
E0537,Sales,Hybrid,2,Quiet,9,Meeting,8,30,120
E0538,Marketing,Office,1,Open,9,Focus,6,45,0
E0539,Operations,Hybrid,5,Quiet,9,Meeting,10,90,60
E0540,Operations,Hybrid,4,Collaborative,9,Conference,4,90,15
E0541,AI,Hybrid,1,Collaborative,9,Conference,4,60,30
E0542,Finance,Hybrid,5,Quiet,8,Training,6,60,60
E0543,Sales,Hybrid,4,Quiet,9,Conference,12,120,30
E0544,AI,Hybrid,3,Open,8,Conference,8,45,30
E0545,Engineering,Remote,4,Open,10,Meeting,6,45,0
E0546,Engineering,Hybrid,2,Quiet,10,Meeting,6,60,0
E0547,AI,Hybrid,2,Open,9,Focus,2,45,15
E0548,Operations,Remote,3,Open,9,Meeting,16,60,60
E0549,Engineering,Remote,1,Open,9,Meeting,8,105,0
E0550,Marketing,Remote,5,Collaborative,9,Training,4,75,0
E0551,Marketing,Office,4,Collaborative,10,Meeting,8,60,30
E0552,AI,Office,2,Collaborative,10,Focus,2,105,30
E0553,Sales,Hybrid,1,Open,9,Conference,16,30,60
E0554,Sales,Hybrid,3,Open,10,Conference,4,45,0
E0555,AI,Hybrid,2,Quiet,9,Training,8,75,0
E0556,Sales,Hybrid,3,Collaborative,10,Meeting,4,75,120
E0557,Operations,Hybrid,4,Open,8,Meeting,8,30,15
E0558,Operations,Office,5,Open,9,Conference,10,60,60
E0559,Sales,Hybrid,2,Open,9,Meeting,8,75,60
E0560,Marketing,Hybrid,2,Open,9,Conference,8,75,60
E0561,Sales,Hybrid,4,Collaborative,8,Focus,12,75,0
E0562,Operations,Office,1,Collaborative,10,Meeting,2,60,60
E0563,HR,Hybrid,5,Open,8,Meeting,4,30,60
E0564,Finance,Remote,2,Quiet,9,Focus,4,60,30
E0565,Engineering,Hybrid,5,Collaborative,9,Meeting,16,45,15
E0566,HR,Hybrid,2,Open,9,Conference,4,105,15
E0567,Sales,Hybrid,5,Quiet,9,Meeting,8,60,0
E0568,Marketing,Office,3,Open,9,Focus,8,60,30
E0569,AI,Hybrid,2,Collaborative,8,Conference,4,90,30
E0570,Sales,Office,5,Open,8,Training,4,60,15
E0571,Marketing,Hybrid,1,Quiet,9,Training,4,60,30
E0572,Finance,Hybrid,3,Quiet,10,Meeting,6,90,15
E0573,Sales,Remote,3,Open,10,Meeting,4,90,30
E0574,Operations,Office,1,Quiet,8,Training,2,75,120
E0575,AI,Office,5,Open,9,Meeting,12,30,0
E0576,Marketing,Remote,4,Open,8,Training,16,75,15
E0577,Marketing,Remote,1,Quiet,8,Focus,4,90,0
E0578,Marketing,Office,5,Collaborative,9,Conference,4,45,30
E0579,Finance,Office,1,Collaborative,9,Conference,2,45,60
E0580,Sales,Office,1,Collaborative,8,Training,8,90,120
E0581,Finance,Office,2,Open,9,Training,10,30,15
E0582,Engineering,Office,5,Open,8,Meeting,2,90,120
E0583,Engineering,Office,4,Open,10,Meeting,4,60,0
E0584,Sales,Hybrid,2,Open,10,Meeting,10,60,30
E0585,Operations,Remote,1,Collaborative,8,Conference,8,30,0
E0586,Finance,Remote,1,Open,9,Conference,2,90,60
E0587,AI,Hybrid,1,Open,10,Conference,8,60,30
E0588,Marketing,Office,5,Open,10,Meeting,4,75,60
E0589,Marketing,Hybrid,5,Open,9,Conference,4,75,60
E0590,Sales,Hybrid,2,Quiet,8,Meeting,10,75,0
E0591,Operations,Office,4,Open,8,Conference,10,120,0
E0592,Engineering,Hybrid,2,Quiet,9,Conference,6,60,60
E0593,Engineering,Office,3,Collaborative,9,Meeting,12,60,15
E0594,Marketing,Office,1,Collaborative,8,Meeting,6,120,0
E0595,Sales,Hybrid,1,Open,9,Conference,10,75,30
E0596,Finance,Hybrid,1,Open,8,Conference,6,60,30
E0597,Engineering,Hybrid,2,Open,10,Meeting,12,45,0
E0598,Finance,Office,2,Open,9,Focus,12,90,15
E0599,Operations,Remote,1,Collaborative,8,Conference,2,60,0
E0600,Engineering,Office,2,Open,9,Focus,12,75,30
E0601,Engineering,Hybrid,5,Collaborative,9,Meeting,10,60,60
E0602,HR,Office,5,Collaborative,10,Conference,10,45,120
E0603,Engineering,Hybrid,2,Quiet,9,Training,4,75,30
E0604,AI,Office,1,Open,9,Conference,10,30,0
E0605,Sales,Hybrid,2,Open,9,Conference,12,60,120
E0606,Sales,Office,2,Collaborative,9,Meeting,4,75,30
E0607,Finance,Hybrid,2,Quiet,10,Meeting,16,60,0
E0608,Operations,Remote,3,Open,9,Meeting,2,90,120
E0609,Engineering,Hybrid,5,Quiet,9,Meeting,2,90,60
E0610,AI,Office,4,Open,8,Meeting,6,90,60
E0611,Finance,Remote,4,Open,9,Meeting,8,30,60
E0612,HR,Hybrid,3,Collaborative,10,Focus,8,45,15
E0613,Finance,Remote,2,Quiet,10,Meeting,2,60,15
E0614,Finance,Office,3,Open,9,Conference,16,105,60
E0615,Engineering,Hybrid,3,Open,9,Training,2,90,15
E0616,HR,Hybrid,1,Collaborative,10,Conference,2,90,30
E0617,Finance,Office,5,Open,10,Meeting,2,60,60
E0618,AI,Hybrid,4,Quiet,8,Conference,8,60,60
E0619,AI,Hybrid,2,Collaborative,9,Conference,12,60,30
E0620,Sales,Hybrid,4,Open,9,Conference,8,45,60
E0621,HR,Office,4,Open,10,Training,10,30,60
E0622,HR,Hybrid,5,Quiet,8,Focus,2,105,60
E0623,Sales,Remote,4,Open,9,Conference,6,60,15
E0624,Finance,Remote,4,Collaborative,10,Meeting,6,45,15
E0625,HR,Remote,3,Collaborative,8,Conference,6,30,15
E0626,AI,Office,5,Quiet,9,Meeting,2,105,0
E0627,AI,Hybrid,1,Open,9,Training,8,75,15
E0628,Engineering,Office,2,Quiet,9,Meeting,6,75,15
E0629,HR,Hybrid,4,Collaborative,9,Meeting,10,105,30
E0630,Finance,Hybrid,2,Quiet,9,Training,6,60,120
E0631,Sales,Hybrid,1,Open,8,Conference,2,75,0
E0632,Sales,Hybrid,2,Open,9,Meeting,8,30,60
E0633,Finance,Office,1,Open,10,Conference,4,45,60
E0634,Operations,Office,3,Quiet,10,Training,12,90,0
E0635,Marketing,Hybrid,4,Open,8,Meeting,8,90,120
E0636,Engineering,Hybrid,1,Collaborative,8,Training,4,60,30
E0637,Sales,Remote,2,Open,9,Meeting,16,60,15
E0638,HR,Hybrid,4,Open,9,Training,6,60,60
E0639,Engineering,Hybrid,3,Quiet,9,Training,2,30,15
E0640,HR,Hybrid,4,Open,9,Meeting,8,60,60
E0641,Operations,Office,1,Quiet,8,Meeting,4,45,0
E0642,AI,Office,3,Collaborative,8,Meeting,10,60,60
E0643,Engineering,Hybrid,2,Quiet,9,Conference,10,90,30
E0644,Sales,Hybrid,3,Collaborative,9,Conference,16,60,30
E0645,Engineering,Office,3,Collaborative,8,Conference,6,45,15
E0646,Engineering,Office,5,Open,9,Meeting,6,60,60
E0647,Engineering,Hybrid,3,Collaborative,9,Meeting,10,90,60
E0648,Marketing,Remote,3,Open,10,Meeting,2,60,30
E0649,Engineering,Hybrid,4,Collaborative,10,Meeting,6,30,30
E0650,HR,Hybrid,2,Quiet,9,Conference,6,60,30
E0651,AI,Remote,4,Open,9,Training,2,90,60
E0652,Operations,Hybrid,4,Quiet,9,Conference,6,75,30
E0653,Finance,Office,1,Collaborative,9,Meeting,12,90,60
E0654,Engineering,Hybrid,4,Open,9,Focus,12,120,60
E0655,Sales,Hybrid,5,Collaborative,10,Conference,2,90,30
E0656,Engineering,Remote,5,Quiet,9,Focus,2,75,15
E0657,Sales,Hybrid,1,Collaborative,10,Conference,4,60,30
E0658,HR,Remote,2,Open,9,Meeting,12,30,60
E0659,Sales,Hybrid,2,Open,8,Meeting,2,120,15
E0660,Finance,Hybrid,4,Open,9,Conference,8,60,30
E0661,AI,Hybrid,4,Open,9,Meeting,2,45,60
E0662,Sales,Office,4,Quiet,9,Meeting,8,75,15
E0663,Sales,Hybrid,2,Collaborative,9,Conference,4,60,30
E0664,AI,Remote,3,Open,8,Conference,10,75,15
E0665,Finance,Hybrid,5,Quiet,10,Conference,4,75,0
E0666,Engineering,Remote,3,Quiet,8,Meeting,8,60,60
E0667,Sales,Hybrid,3,Quiet,10,Meeting,4,90,0
E0668,AI,Remote,2,Collaborative,10,Conference,8,60,15
E0669,HR,Office,3,Open,10,Focus,12,60,60
E0670,AI,Office,1,Quiet,9,Conference,2,60,15
E0671,HR,Office,4,Collaborative,9,Focus,12,75,120
E0672,Finance,Office,1,Quiet,10,Training,8,90,120
E0673,Engineering,Office,5,Open,9,Conference,2,60,15
E0674,AI,Hybrid,4,Quiet,9,Meeting,6,75,0
E0675,Operations,Hybrid,3,Collaborative,9,Conference,4,45,60
E0676,Operations,Remote,5,Open,9,Conference,8,105,30
E0677,Marketing,Office,4,Open,9,Conference,10,60,0
E0678,Sales,Office,3,Collaborative,9,Conference,2,90,60
E0679,Finance,Hybrid,1,Collaborative,9,Conference,6,30,0
E0680,AI,Hybrid,4,Collaborative,10,Meeting,10,45,60
E0681,Operations,Hybrid,3,Quiet,9,Conference,12,60,0
E0682,Sales,Office,1,Quiet,10,Meeting,6,90,0
E0683,Operations,Hybrid,5,Collaborative,9,Training,16,60,0
E0684,AI,Hybrid,5,Quiet,10,Meeting,6,105,120
E0685,HR,Hybrid,5,Quiet,9,Meeting,4,60,60
E0686,AI,Hybrid,5,Open,10,Meeting,10,60,60
E0687,Marketing,Hybrid,2,Open,8,Conference,6,30,15
E0688,AI,Hybrid,4,Open,10,Meeting,6,90,15
E0689,AI,Office,4,Quiet,8,Meeting,6,60,15
E0690,Marketing,Hybrid,2,Quiet,10,Conference,10,90,30
E0691,Finance,Hybrid,3,Open,10,Meeting,10,105,30
E0692,AI,Hybrid,3,Quiet,9,Focus,6,105,30
E0693,Marketing,Hybrid,5,Quiet,9,Focus,4,60,15
E0694,Sales,Hybrid,1,Collaborative,10,Conference,6,75,120
E0695,HR,Hybrid,3,Open,9,Meeting,8,90,0
E0696,HR,Office,1,Open,10,Conference,4,45,120
E0697,AI,Hybrid,4,Quiet,8,Meeting,10,75,0
E0698,Finance,Office,1,Quiet,8,Conference,6,30,30
E0699,Finance,Remote,4,Open,10,Meeting,4,60,15
E0700,Sales,Office,2,Quiet,9,Focus,2,45,30
E0701,AI,Hybrid,2,Open,10,Meeting,4,45,30
E0702,HR,Hybrid,5,Open,9,Conference,12,60,30
E0703,Finance,Hybrid,3,Open,9,Conference,4,60,30
E0704,AI,Hybrid,5,Collaborative,9,Conference,4,75,60
E0705,Operations,Remote,4,Quiet,9,Meeting,6,30,60
E0706,Finance,Hybrid,5,Collaborative,9,Focus,4,60,60
E0707,Marketing,Hybrid,1,Open,9,Conference,2,45,15
E0708,Operations,Office,4,Open,9,Conference,4,75,30
E0709,Finance,Office,2,Quiet,9,Meeting,6,75,30
E0710,HR,Hybrid,3,Quiet,10,Conference,8,75,15
E0711,Engineering,Hybrid,4,Open,9,Meeting,4,90,30
E0712,Operations,Hybrid,4,Open,9,Meeting,6,60,15
E0713,Sales,Hybrid,1,Open,9,Meeting,16,90,0
E0714,Sales,Hybrid,3,Quiet,9,Training,4,60,15
E0715,HR,Hybrid,2,Collaborative,9,Meeting,4,60,0
E0716,Finance,Hybrid,4,Open,9,Meeting,4,75,60
E0717,AI,Hybrid,4,Open,8,Conference,6,30,60
E0718,Finance,Hybrid,1,Collaborative,8,Training,10,75,120
E0719,HR,Hybrid,5,Quiet,9,Meeting,4,75,60
E0720,Sales,Hybrid,2,Collaborative,10,Conference,8,60,0
E0721,Finance,Office,3,Quiet,8,Meeting,2,30,60
E0722,Sales,Office,4,Collaborative,9,Meeting,6,30,60
E0723,Operations,Hybrid,4,Open,9,Meeting,10,105,30
E0724,AI,Hybrid,2,Collaborative,9,Training,4,75,30
E0725,Operations,Hybrid,5,Open,10,Meeting,8,45,120
E0726,Sales,Office,4,Quiet,9,Meeting,4,60,30
E0727,Sales,Office,2,Open,9,Meeting,8,75,120
E0728,Engineering,Hybrid,1,Open,8,Training,2,90,0
E0729,Engineering,Remote,5,Quiet,8,Meeting,12,30,0
E0730,Operations,Hybrid,3,Quiet,9,Meeting,4,45,30
E0731,Marketing,Hybrid,4,Collaborative,8,Meeting,12,90,30
E0732,Operations,Office,2,Quiet,9,Meeting,4,30,60
E0733,Engineering,Remote,1,Open,9,Conference,8,45,120
E0734,Sales,Office,3,Open,9,Conference,4,120,15
E0735,HR,Office,2,Collaborative,8,Meeting,12,75,0
E0736,Operations,Hybrid,2,Quiet,9,Meeting,2,60,60
E0737,Sales,Office,3,Collaborative,9,Meeting,4,30,30
E0738,HR,Hybrid,1,Open,10,Meeting,6,30,0
E0739,HR,Remote,1,Quiet,8,Meeting,2,60,30
E0740,Engineering,Hybrid,5,Collaborative,10,Training,4,90,60
E0741,Operations,Office,4,Open,9,Focus,12,60,60
E0742,Finance,Hybrid,3,Open,9,Focus,16,90,30
E0743,AI,Office,3,Quiet,9,Training,4,105,15
E0744,Engineering,Hybrid,3,Open,8,Conference,12,60,120
E0745,Engineering,Office,1,Quiet,8,Conference,6,45,60
E0746,Finance,Hybrid,4,Quiet,9,Meeting,4,60,30
E0747,AI,Hybrid,5,Open,9,Conference,8,90,15
E0748,Sales,Hybrid,2,Open,10,Conference,8,90,60
E0749,Marketing,Hybrid,2,Quiet,9,Conference,16,30,15
E0750,Operations,Remote,3,Quiet,8,Training,4,75,0
E0751,Marketing,Hybrid,4,Quiet,9,Meeting,8,75,30
E0752,Sales,Remote,1,Quiet,9,Meeting,2,90,15
E0753,Engineering,Hybrid,4,Quiet,9,Focus,2,45,30
E0754,AI,Hybrid,4,Quiet,9,Meeting,2,60,0
E0755,Engineering,Office,1,Collaborative,10,Conference,16,90,60
E0756,HR,Office,3,Open,10,Focus,10,60,15
E0757,Engineering,Hybrid,4,Open,9,Conference,10,60,0
E0758,Engineering,Hybrid,2,Open,9,Conference,6,30,0
E0759,Sales,Office,1,Quiet,10,Meeting,4,60,120
E0760,Sales,Hybrid,5,Open,9,Meeting,4,60,60
E0761,Sales,Remote,3,Open,8,Training,4,105,15
E0762,Marketing,Remote,1,Open,9,Conference,4,60,60
E0763,HR,Office,5,Open,9,Conference,10,60,30
E0764,Sales,Hybrid,5,Open,9,Meeting,6,75,120
E0765,AI,Office,4,Collaborative,9,Meeting,2,45,15
E0766,Marketing,Hybrid,4,Quiet,9,Focus,2,60,60
E0767,Finance,Hybrid,4,Open,8,Meeting,2,90,0
E0768,AI,Hybrid,1,Open,9,Conference,6,90,15
E0769,Operations,Hybrid,1,Open,9,Meeting,12,75,120
E0770,Operations,Remote,3,Collaborative,9,Conference,8,75,30
E0771,AI,Office,4,Quiet,9,Focus,10,45,15
E0772,Sales,Office,5,Collaborative,9,Conference,6,105,0
E0773,Finance,Hybrid,2,Open,8,Meeting,4,45,60
E0774,Finance,Hybrid,3,Collaborative,8,Conference,2,90,30
E0775,Marketing,Hybrid,1,Collaborative,10,Training,12,60,15
E0776,Finance,Remote,3,Quiet,10,Meeting,10,105,120
E0777,Operations,Hybrid,3,Collaborative,9,Training,4,90,0
E0778,HR,Remote,3,Open,8,Conference,6,90,15
E0779,Sales,Hybrid,3,Open,9,Training,6,45,120
E0780,Finance,Hybrid,2,Open,9,Conference,8,60,15
E0781,Marketing,Office,4,Collaborative,10,Meeting,12,75,15
E0782,Operations,Hybrid,5,Open,8,Meeting,8,90,30
E0783,HR,Remote,3,Quiet,8,Meeting,6,30,60
E0784,Engineering,Remote,3,Open,9,Focus,2,120,0
E0785,Engineering,Hybrid,3,Collaborative,9,Training,2,90,120
E0786,HR,Hybrid,4,Collaborative,9,Conference,4,60,60
E0787,Operations,Hybrid,1,Open,8,Meeting,2,90,0
E0788,Marketing,Remote,1,Open,9,Meeting,8,60,60
E0789,HR,Hybrid,2,Quiet,10,Training,8,60,15
E0790,Sales,Office,1,Open,10,Conference,2,60,30
E0791,Sales,Office,3,Quiet,9,Meeting,10,75,60
E0792,Engineering,Office,3,Collaborative,9,Conference,4,90,120
E0793,Finance,Hybrid,3,Quiet,8,Meeting,4,60,0
E0794,Marketing,Office,2,Collaborative,9,Meeting,4,75,30
E0795,Engineering,Remote,3,Collaborative,9,Conference,4,75,30
E0796,Finance,Hybrid,1,Quiet,9,Meeting,4,90,15
E0797,Finance,Hybrid,4,Collaborative,9,Focus,6,30,15
E0798,Sales,Remote,4,Open,9,Meeting,6,90,0
E0799,Operations,Hybrid,5,Quiet,8,Meeting,16,60,60
E0800,AI,Remote,1,Open,9,Meeting,2,60,30
E0801,Operations,Hybrid,3,Collaborative,8,Training,2,60,0
E0802,AI,Hybrid,4,Open,8,Meeting,2,60,60
E0803,HR,Remote,1,Quiet,10,Conference,8,90,60
E0804,Sales,Hybrid,4,Quiet,9,Meeting,2,60,30
E0805,Finance,Hybrid,3,Quiet,9,Meeting,10,90,15
E0806,Marketing,Hybrid,4,Quiet,10,Meeting,6,30,30
E0807,AI,Hybrid,5,Quiet,10,Training,6,60,15
E0808,Operations,Hybrid,5,Open,9,Training,8,120,15
E0809,Finance,Hybrid,4,Open,10,Meeting,4,90,60
E0810,AI,Remote,1,Open,9,Conference,4,45,0
E0811,AI,Hybrid,1,Open,9,Focus,4,60,0
E0812,AI,Office,1,Quiet,9,Meeting,8,45,0
E0813,Marketing,Hybrid,4,Quiet,9,Training,4,60,0
E0814,Sales,Office,1,Collaborative,9,Meeting,2,90,0
E0815,Marketing,Hybrid,3,Quiet,9,Focus,16,90,120
E0816,Engineering,Remote,5,Collaborative,8,Training,2,45,15
E0817,Finance,Hybrid,3,Collaborative,9,Focus,10,105,0
E0818,Sales,Hybrid,1,Collaborative,8,Conference,10,75,15
E0819,Sales,Hybrid,3,Collaborative,9,Meeting,4,60,120
E0820,Sales,Hybrid,1,Open,9,Focus,2,60,30
E0821,Operations,Hybrid,4,Open,9,Meeting,2,75,15
E0822,Sales,Hybrid,3,Collaborative,10,Meeting,8,75,60
E0823,Marketing,Office,4,Open,10,Conference,8,60,15
E0824,Sales,Hybrid,4,Open,9,Training,10,60,15
E0825,HR,Hybrid,2,Collaborative,9,Focus,12,45,15
E0826,Finance,Office,1,Collaborative,9,Meeting,8,90,15
E0827,Sales,Office,5,Collaborative,8,Training,4,75,15
E0828,Finance,Hybrid,1,Open,8,Conference,4,45,60
E0829,HR,Hybrid,5,Open,9,Meeting,10,90,15
E0830,HR,Hybrid,1,Quiet,9,Meeting,4,105,30
E0831,Finance,Office,4,Collaborative,9,Meeting,2,105,0
E0832,AI,Office,3,Collaborative,10,Meeting,8,60,0
E0833,Engineering,Hybrid,3,Collaborative,8,Focus,6,45,30
E0834,Operations,Office,2,Quiet,8,Conference,12,60,120
E0835,AI,Office,5,Open,10,Conference,8,30,15
E0836,AI,Hybrid,5,Open,8,Focus,2,105,60
E0837,Marketing,Remote,5,Open,9,Meeting,12,45,15
E0838,Operations,Hybrid,4,Open,9,Training,4,60,0
E0839,Operations,Hybrid,5,Open,9,Meeting,4,60,0
E0840,AI,Hybrid,3,Collaborative,8,Training,6,60,15
E0841,Sales,Hybrid,4,Open,8,Meeting,2,90,0
E0842,Marketing,Hybrid,1,Quiet,8,Focus,6,60,0
E0843,Marketing,Remote,5,Open,9,Meeting,2,45,60
E0844,HR,Hybrid,5,Quiet,9,Meeting,6,60,0
E0845,Operations,Hybrid,1,Open,9,Training,4,60,30
E0846,AI,Hybrid,5,Quiet,9,Meeting,10,45,15
E0847,HR,Remote,1,Quiet,10,Conference,10,75,30
E0848,Finance,Hybrid,4,Quiet,8,Meeting,4,75,30
E0849,Engineering,Hybrid,3,Quiet,9,Conference,4,90,15
E0850,Marketing,Hybrid,1,Open,9,Meeting,4,105,15
E0851,Finance,Hybrid,2,Open,9,Meeting,4,105,60
E0852,Finance,Remote,1,Collaborative,9,Meeting,10,105,60
E0853,Sales,Remote,5,Quiet,9,Conference,8,60,0
E0854,Engineering,Hybrid,4,Quiet,10,Meeting,4,45,0
E0855,Finance,Remote,4,Quiet,10,Meeting,4,60,60
E0856,Finance,Office,1,Quiet,9,Meeting,2,90,15
E0857,Engineering,Remote,3,Open,9,Meeting,8,120,30
E0858,Engineering,Hybrid,2,Quiet,9,Conference,2,90,15
E0859,Finance,Hybrid,4,Collaborative,9,Training,16,30,0
E0860,Engineering,Hybrid,5,Quiet,9,Meeting,10,105,30
E0861,Finance,Office,5,Quiet,8,Conference,4,60,30
E0862,Finance,Hybrid,3,Collaborative,9,Conference,8,30,15
E0863,Sales,Hybrid,4,Open,9,Meeting,12,60,30
E0864,AI,Hybrid,1,Quiet,9,Conference,8,30,60
E0865,Finance,Office,5,Quiet,10,Meeting,4,75,30
E0866,HR,Hybrid,3,Collaborative,8,Conference,4,60,0
E0867,Marketing,Office,4,Quiet,9,Meeting,10,60,30
E0868,Operations,Remote,4,Quiet,8,Conference,8,75,60
E0869,AI,Hybrid,4,Open,10,Conference,8,90,60
E0870,AI,Office,4,Open,9,Meeting,12,75,30
E0871,AI,Hybrid,4,Collaborative,9,Meeting,12,60,0
E0872,Sales,Remote,5,Collaborative,9,Focus,12,90,60
E0873,Finance,Hybrid,3,Collaborative,9,Meeting,2,90,60
E0874,Sales,Office,4,Collaborative,10,Conference,6,30,0
E0875,Finance,Office,2,Open,9,Focus,8,60,30
E0876,Sales,Remote,2,Open,9,Conference,10,60,15
E0877,Sales,Office,3,Quiet,10,Conference,8,30,60
E0878,Marketing,Hybrid,1,Collaborative,9,Training,4,75,15
E0879,HR,Office,1,Collaborative,8,Training,10,90,30
E0880,Sales,Remote,1,Open,9,Conference,8,45,120
E0881,Marketing,Hybrid,2,Open,10,Conference,2,90,60
E0882,Engineering,Hybrid,1,Collaborative,9,Meeting,6,90,120
E0883,HR,Remote,5,Quiet,8,Focus,4,105,120
E0884,Sales,Office,4,Open,9,Conference,4,60,0
E0885,Operations,Office,2,Quiet,9,Meeting,2,90,30
E0886,AI,Hybrid,3,Collaborative,8,Training,6,60,30
E0887,Engineering,Office,3,Quiet,9,Conference,6,75,60
E0888,Engineering,Hybrid,4,Open,10,Meeting,8,30,15
E0889,Marketing,Office,2,Quiet,9,Conference,8,30,120
E0890,Engineering,Hybrid,1,Collaborative,9,Meeting,10,90,30
E0891,HR,Office,1,Open,9,Training,4,60,60
E0892,Sales,Remote,5,Quiet,8,Meeting,2,60,0
E0893,Sales,Hybrid,5,Collaborative,10,Training,12,45,0
E0894,Operations,Remote,1,Collaborative,9,Conference,4,75,60
E0895,AI,Hybrid,3,Quiet,9,Meeting,16,30,0
E0896,Marketing,Remote,3,Open,9,Focus,10,90,60
E0897,AI,Office,5,Quiet,9,Conference,6,30,0
E0898,Engineering,Hybrid,4,Collaborative,9,Meeting,16,45,60
E0899,Operations,Office,1,Collaborative,8,Conference,2,60,15
E0900,AI,Remote,5,Open,10,Training,4,60,30
E0901,HR,Hybrid,5,Open,10,Meeting,8,60,60
E0902,Sales,Hybrid,1,Quiet,9,Meeting,4,60,15
E0903,Engineering,Office,1,Quiet,10,Meeting,12,120,0
E0904,Operations,Office,3,Open,8,Meeting,2,75,0
E0905,AI,Office,4,Collaborative,9,Training,6,30,30
E0906,Marketing,Office,4,Open,9,Conference,8,60,30
E0907,HR,Hybrid,1,Open,9,Meeting,8,90,60
E0908,HR,Office,2,Open,9,Meeting,4,60,30
E0909,AI,Hybrid,5,Collaborative,9,Meeting,4,30,30
E0910,Sales,Hybrid,5,Collaborative,8,Focus,10,90,15
E0911,AI,Hybrid,1,Open,9,Meeting,4,75,0
E0912,Engineering,Hybrid,2,Collaborative,8,Focus,10,75,15
E0913,AI,Hybrid,3,Quiet,9,Conference,8,30,120
E0914,HR,Hybrid,1,Open,9,Meeting,10,45,60
E0915,Operations,Office,1,Open,8,Training,8,75,15
E0916,AI,Hybrid,5,Collaborative,9,Conference,4,45,30
E0917,Sales,Hybrid,1,Quiet,9,Conference,8,60,60
E0918,Operations,Hybrid,1,Collaborative,10,Focus,12,75,30
E0919,Marketing,Hybrid,1,Open,9,Meeting,6,60,0
E0920,Finance,Hybrid,5,Open,9,Meeting,16,105,0
E0921,AI,Hybrid,3,Quiet,10,Conference,6,90,30
E0922,Sales,Office,3,Quiet,9,Meeting,2,90,120
E0923,Operations,Office,1,Open,8,Meeting,4,30,60
E0924,Sales,Office,5,Collaborative,9,Meeting,16,30,0
E0925,Marketing,Hybrid,3,Collaborative,10,Meeting,4,60,0
E0926,HR,Hybrid,3,Open,9,Training,12,45,60
E0927,Sales,Remote,3,Quiet,9,Meeting,12,120,60
E0928,Operations,Hybrid,5,Open,8,Conference,4,45,30
E0929,Sales,Hybrid,5,Quiet,8,Conference,2,60,30
E0930,Sales,Hybrid,1,Collaborative,9,Meeting,8,60,0
E0931,Sales,Hybrid,4,Open,9,Meeting,4,75,60
E0932,Engineering,Hybrid,3,Collaborative,8,Training,10,45,60
E0933,Engineering,Hybrid,4,Open,10,Meeting,6,60,15
E0934,HR,Hybrid,5,Collaborative,10,Training,6,60,60
E0935,AI,Hybrid,5,Collaborative,9,Training,10,90,15
E0936,Sales,Office,5,Quiet,10,Meeting,4,30,0
E0937,Marketing,Office,4,Collaborative,8,Conference,6,105,15
E0938,AI,Office,5,Collaborative,9,Conference,4,90,0
E0939,Marketing,Office,1,Quiet,9,Meeting,4,60,15
E0940,AI,Remote,5,Collaborative,10,Training,6,90,30
E0941,HR,Hybrid,2,Collaborative,10,Training,10,30,30
E0942,Sales,Hybrid,4,Open,9,Meeting,4,120,30
E0943,Sales,Hybrid,2,Open,10,Conference,6,60,15
E0944,Finance,Office,5,Open,8,Focus,8,60,0
E0945,Marketing,Remote,1,Quiet,10,Focus,4,60,30
E0946,AI,Hybrid,3,Quiet,10,Conference,4,30,15
E0947,AI,Remote,5,Open,8,Conference,12,120,15
E0948,Engineering,Hybrid,1,Collaborative,9,Meeting,8,30,60
E0949,Finance,Remote,4,Quiet,8,Focus,8,75,60
E0950,Operations,Hybrid,2,Open,9,Meeting,8,60,60
E0951,Operations,Hybrid,2,Open,9,Conference,2,105,30
E0952,Engineering,Hybrid,2,Collaborative,9,Meeting,8,60,0
E0953,Engineering,Hybrid,4,Quiet,10,Meeting,6,60,60
E0954,Engineering,Hybrid,1,Open,9,Meeting,6,60,15
E0955,Marketing,Hybrid,4,Collaborative,9,Focus,4,75,30
E0956,Marketing,Office,2,Open,10,Meeting,2,30,0
E0957,HR,Hybrid,5,Open,10,Conference,4,45,60
E0958,HR,Hybrid,3,Open,8,Meeting,16,45,0
E0959,Engineering,Office,4,Collaborative,10,Meeting,6,90,120
E0960,Finance,Office,4,Quiet,8,Meeting,6,45,60
E0961,AI,Hybrid,1,Open,10,Conference,2,75,30
E0962,Marketing,Hybrid,1,Open,9,Meeting,2,45,60
E0963,Finance,Hybrid,4,Open,8,Meeting,8,90,30
E0964,Sales,Hybrid,2,Quiet,9,Meeting,6,105,60
E0965,Marketing,Office,3,Quiet,9,Meeting,6,60,30
E0966,Marketing,Hybrid,1,Open,9,Focus,4,60,60
E0967,HR,Hybrid,2,Open,8,Focus,8,45,30
E0968,AI,Office,5,Open,9,Meeting,4,30,120
E0969,AI,Hybrid,1,Open,10,Conference,4,60,30
E0970,Operations,Hybrid,2,Collaborative,9,Focus,6,75,30
E0971,Operations,Hybrid,2,Open,9,Meeting,4,60,60
E0972,Operations,Remote,3,Open,9,Training,4,105,60
E0973,Operations,Hybrid,3,Collaborative,8,Focus,8,60,30
E0974,Sales,Office,5,Open,10,Meeting,8,75,0
E0975,Sales,Hybrid,2,Quiet,10,Meeting,10,60,30
E0976,Marketing,Hybrid,2,Collaborative,9,Focus,6,60,120
E0977,Engineering,Office,3,Open,9,Conference,2,60,60
E0978,HR,Remote,1,Quiet,10,Meeting,4,60,60
E0979,HR,Office,1,Quiet,9,Meeting,16,60,0
E0980,Operations,Office,4,Collaborative,10,Meeting,8,75,30
E0981,Marketing,Remote,3,Quiet,9,Conference,8,105,30
E0982,Finance,Hybrid,4,Quiet,10,Conference,2,60,60
E0983,Engineering,Hybrid,3,Collaborative,9,Focus,6,30,0
E0984,Marketing,Office,5,Open,9,Meeting,2,60,60
E0985,Engineering,Hybrid,2,Collaborative,10,Conference,8,75,30
E0986,Engineering,Office,5,Quiet,9,Conference,12,45,0
E0987,Engineering,Remote,3,Quiet,9,Meeting,16,90,15
E0988,Marketing,Hybrid,2,Open,9,Meeting,6,120,15
E0989,Operations,Hybrid,1,Collaborative,9,Focus,6,105,30
E0990,HR,Office,1,Open,9,Training,12,45,0
E0991,HR,Hybrid,4,Open,8,Conference,8,90,0
E0992,Operations,Office,3,Open,8,Conference,2,75,60
E0993,Engineering,Hybrid,3,Quiet,9,Meeting,6,60,0
E0994,Finance,Office,1,Open,10,Conference,4,75,15
E0995,AI,Hybrid,5,Quiet,9,Conference,6,90,30
E0996,Marketing,Office,2,Open,9,Conference,6,60,30
E0997,AI,Hybrid,5,Open,9,Focus,8,60,60
E0998,Operations,Hybrid,5,Collaborative,8,Conference,4,60,30
E0999,Finance,Hybrid,1,Quiet,9,Meeting,4,75,60
E1000,Marketing,Office,1,Quiet,8,Training,6,45,30
